sample,time_us,dio0,dio1
0,0.0,0,0
1,0.049999999999999996,0,0
2,0.09999999999999999,0,0
3,0.15,0,0
4,0.19999999999999998,0,0
5,0.25,0,0
6,0.3,0,0
7,0.35,0,0
8,0.39999999999999997,0,0
9,0.44999999999999996,0,0
10,0.5,0,0
11,0.55,0,0
12,0.6,0,0
13,0.65,0,0
14,0.7,0,0
15,0.75,0,0
16,0.7999999999999999,0,0
17,0.85,0,0
18,0.8999999999999999,0,0
19,0.95,0,0
20,1.0,0,0
21,1.0499999999999998,0,0
22,1.1,0,0
23,1.15,0,0
24,1.2,0,0
25,1.25,0,0
26,1.3,0,0
27,1.35,0,0
28,1.4,0,0
29,1.4500000000000002,0,0
30,1.5,0,0
31,1.55,0,0
32,1.5999999999999999,0,0
33,1.6500000000000001,0,0
34,1.7,0,0
35,1.75,0,0
36,1.7999999999999998,0,0
37,1.85,0,0
38,1.9,0,0
39,1.95,0,0
40,2.0,0,0
41,2.05,0,0
42,2.0999999999999996,0,0
43,2.1500000000000004,0,0
44,2.2,0,0
45,2.25,0,0
46,2.3,0,0
47,2.35,0,0
48,2.4,0,0
49,2.4499999999999997,0,0
50,2.5,0,0
51,2.5500000000000003,0,0
52,2.6,0,0
53,2.65,0,0
54,2.7,0,0
55,2.75,0,0
56,2.8,0,0
57,2.8499999999999996,0,0
58,2.9000000000000004,0,0
59,2.95,0,0
60,3.0,0,0
61,3.05,0,0
62,3.1,0,0
63,3.15,0,0
64,3.1999999999999997,0,0
65,3.25,0,0
66,3.3000000000000003,0,0
67,3.35,0,0
68,3.4,0,0
69,3.45,0,0
70,3.5,0,0
71,3.55,0,0
72,3.5999999999999996,0,0
73,3.6500000000000004,0,0
74,3.7,0,0
75,3.75,0,0
76,3.8,0,0
77,3.8500000000000005,0,0
78,3.9,0,0
79,3.95,0,0
80,4.0,0,0
81,4.05,0,0
82,4.1,0,0
83,4.15,0,0
84,4.199999999999999,0,0
85,4.25,0,0
86,4.300000000000001,0,0
87,4.35,0,0
88,4.4,0,0
89,4.45,0,0
90,4.5,0,0
91,4.55,0,0
92,4.6,0,0
93,4.65,0,0
94,4.7,0,0
95,4.75,0,0
96,4.8,0,0
97,4.8500000000000005,0,0
98,4.8999999999999995,0,0
99,4.95,0,0
100,5.0,0,0
101,5.05,0,0
102,5.1000000000000005,0,0
103,5.1499999999999995,0,0
104,5.2,0,0
105,5.25,0,0
106,5.3,0,0
107,5.35,0,0
108,5.4,0,0
109,5.45,0,0
110,5.5,0,0
111,5.55,0,0
112,5.6,0,0
113,5.65,0,0
114,5.699999999999999,0,0
115,5.75,0,0
116,5.800000000000001,0,0
117,5.85,0,0
118,5.9,0,0
119,5.95,0,0
120,6.0,0,0
121,6.05,0,0
122,6.1,0,0
123,6.15,0,0
124,6.2,0,0
125,6.25,0,0
126,6.3,0,0
127,6.3500000000000005,0,0
128,6.3999999999999995,0,0
129,6.45,0,0
130,6.5,0,0
131,6.55,0,0
132,6.6000000000000005,0,0
133,6.6499999999999995,0,0
134,6.7,0,0
135,6.75,0,0
136,6.8,0,0
137,6.85,0,0
138,6.9,0,0
139,6.95,0,0
140,7.0,0,0
141,7.05,0,0
142,7.1,0,0
143,7.15,0,0
144,7.199999999999999,0,0
145,7.25,0,0
146,7.300000000000001,0,0
147,7.35,0,0
148,7.4,0,0
149,7.45,0,0
150,7.5,0,0
151,7.55,0,0
152,7.6,0,0
153,7.6499999999999995,0,0
154,7.700000000000001,0,0
155,7.75,0,0
156,7.8,0,0
157,7.85,0,0
158,7.9,0,0
159,7.95,0,0
160,8.0,0,0
161,8.049999999999999,0,0
162,8.1,0,0
163,8.15,0,0
164,8.2,0,0
165,8.25,0,0
166,8.3,0,0
167,8.35,0,0
168,8.399999999999999,0,0
169,8.450000000000001,0,0
170,8.5,0,0
171,8.549999999999999,0,0
172,8.600000000000001,0,0
173,8.65,0,0
174,8.7,0,0
175,8.75,0,0
176,8.8,0,0
177,8.85,0,0
178,8.9,0,0
179,8.950000000000001,0,0
180,9.0,0,0
181,9.049999999999999,0,0
182,9.1,0,0
183,9.15,0,0
184,9.2,0,0
185,9.25,0,0
186,9.3,0,0
187,9.35,0,0
188,9.4,0,0
189,9.45,0,0
190,9.5,0,0
191,9.55,0,0
192,9.6,0,0
193,9.65,0,0
194,9.700000000000001,0,0
195,9.75,0,0
196,9.799999999999999,0,0
197,9.850000000000001,0,0
198,9.9,0,0
199,9.95,0,0
200,10.0,0,0
201,10.05,0,0
202,10.1,0,0
203,10.149999999999999,0,0
204,10.200000000000001,0,0
205,10.25,0,0
206,10.299999999999999,0,0
207,10.35,0,0
208,10.4,0,0
209,10.45,0,0
210,10.5,0,0
211,10.55,0,0
212,10.6,0,0
213,10.65,0,0
214,10.7,0,0
215,10.75,0,0
216,10.8,0,0
217,10.85,0,0
218,10.9,0,0
219,10.950000000000001,0,0
220,11.0,0,0
221,11.049999999999999,0,0
222,11.1,0,0
223,11.15,0,0
224,11.2,0,0
225,11.25,0,0
226,11.3,0,0
227,11.35,0,0
228,11.399999999999999,0,0
229,11.450000000000001,0,0
230,11.5,0,0
231,11.549999999999999,0,0
232,11.600000000000001,0,0
233,11.65,0,0
234,11.7,0,0
235,11.75,0,0
236,11.8,0,0
237,11.85,0,0
238,11.9,0,0
239,11.950000000000001,0,0
240,12.0,0,0
241,12.05,0,0
242,12.1,0,0
243,12.15,0,0
244,12.2,0,0
245,12.25,0,0
246,12.3,0,0
247,12.35,0,0
248,12.4,0,0
249,12.45,0,0
250,12.5,0,0
251,12.55,0,0
252,12.6,0,0
253,12.649999999999999,0,0
254,12.700000000000001,0,0
255,12.75,0,0
256,12.799999999999999,0,0
257,12.850000000000001,0,0
258,12.9,0,0
259,12.95,0,0
260,13.0,0,0
261,13.05,0,0
262,13.1,0,0
263,13.149999999999999,0,0
264,13.200000000000001,0,0
265,13.25,0,0
266,13.299999999999999,0,0
267,13.35,0,0
268,13.4,0,0
269,13.45,0,0
270,13.5,0,0
271,13.55,0,0
272,13.6,0,0
273,13.65,0,0
274,13.7,0,0
275,13.75,0,0
276,13.8,0,0
277,13.85,0,0
278,13.9,0,0
279,13.950000000000001,0,0
280,14.0,0,0
281,14.049999999999999,0,0
282,14.1,0,0
283,14.15,0,0
284,14.2,0,0
285,14.25,0,0
286,14.3,0,0
287,14.35,0,0
288,14.399999999999999,0,0
289,14.450000000000001,0,0
290,14.5,0,0
291,14.549999999999999,0,0
292,14.600000000000001,0,0
293,14.65,0,0
294,14.7,0,0
295,14.75,0,0
296,14.8,0,0
297,14.85,0,0
298,14.9,0,0
299,14.95,0,0
300,15.0,0,0
301,15.05,0,0
302,15.1,0,0
303,15.15,0,0
304,15.2,0,0
305,15.25,0,0
306,15.299999999999999,0,0
307,15.35,0,0
308,15.400000000000002,0,0
309,15.45,0,0
310,15.5,0,0
311,15.549999999999999,0,0
312,15.6,0,0
313,15.65,0,0
314,15.7,0,0
315,15.75,0,0
316,15.8,0,0
317,15.85,0,0
318,15.9,0,0
319,15.950000000000001,0,0
320,16.0,0,0
321,16.05,0,0
322,16.099999999999998,0,0
323,16.15,0,0
324,16.2,0,0
325,16.25,0,0
326,16.3,0,0
327,16.35,0,0
328,16.4,0,0
329,16.45,0,0
330,16.5,0,0
331,16.55,0,0
332,16.6,0,0
333,16.650000000000002,0,0
334,16.7,0,0
335,16.75,0,0
336,16.799999999999997,0,0
337,16.849999999999998,0,0
338,16.900000000000002,0,0
339,16.95,0,0
340,17.0,0,0
341,17.05,0,0
342,17.099999999999998,0,0
343,17.15,0,0
344,17.200000000000003,0,0
345,17.25,0,0
346,17.3,0,0
347,17.35,0,0
348,17.4,0,0
349,17.45,0,0
350,17.5,0,0
351,17.55,0,0
352,17.6,0,0
353,17.65,0,0
354,17.7,0,0
355,17.75,0,0
356,17.8,0,0
357,17.85,0,0
358,17.900000000000002,0,0
359,17.95,0,0
360,18.0,0,0
361,18.05,0,0
362,18.099999999999998,0,0
363,18.150000000000002,0,0
364,18.2,0,0
365,18.25,0,0
366,18.3,0,0
367,18.349999999999998,0,0
368,18.4,0,0
369,18.450000000000003,0,0
370,18.5,0,0
371,18.55,0,0
372,18.6,0,0
373,18.65,0,0
374,18.7,0,0
375,18.75,0,0
376,18.8,0,0
377,18.85,0,0
378,18.9,0,0
379,18.95,0,0
380,19.0,0,0
381,19.049999999999997,0,0
382,19.1,0,0
383,19.150000000000002,0,0
384,19.2,0,0
385,19.25,0,0
386,19.3,0,0
387,19.349999999999998,0,0
388,19.400000000000002,0,0
389,19.45,0,0
390,19.5,0,0
391,19.55,0,0
392,19.599999999999998,0,0
393,19.65,0,0
394,19.700000000000003,0,0
395,19.75,0,0
396,19.8,0,0
397,19.85,0,0
398,19.9,0,0
399,19.95,0,0
400,20.0,0,0
401,20.05,0,0
402,20.1,0,0
403,20.15,0,0
404,20.2,0,0
405,20.25,0,0
406,20.299999999999997,0,0
407,20.35,0,0
408,20.400000000000002,0,0
409,20.45,0,0
410,20.5,0,0
411,20.55,0,0
412,20.599999999999998,0,0
413,20.650000000000002,0,0
414,20.7,0,0
415,20.75,0,0
416,20.8,0,0
417,20.849999999999998,0,0
418,20.9,0,0
419,20.95,0,0
420,21.0,0,0
421,21.05,0,0
422,21.1,0,0
423,21.15,0,0
424,21.2,0,0
425,21.25,0,0
426,21.3,0,0
427,21.35,0,0
428,21.4,0,0
429,21.45,0,0
430,21.5,0,0
431,21.549999999999997,0,0
432,21.6,0,0
433,21.650000000000002,0,0
434,21.7,0,0
435,21.75,0,0
436,21.8,0,0
437,21.849999999999998,0,0
438,21.900000000000002,0,0
439,21.950000000000003,0,0
440,22.0,0,0
441,22.05,0,0
442,22.099999999999998,0,0
443,22.15,0,0
444,22.2,0,0
445,22.25,0,0
446,22.3,0,0
447,22.35,0,0
448,22.4,0,0
449,22.45,0,0
450,22.5,0,0
451,22.55,0,0
452,22.6,0,0
453,22.650000000000002,0,0
454,22.7,0,0
455,22.75,0,0
456,22.799999999999997,0,0
457,22.85,0,0
458,22.900000000000002,0,0
459,22.95,0,0
460,23.0,0,0
461,23.05,0,0
462,23.099999999999998,0,0
463,23.15,0,0
464,23.200000000000003,0,0
465,23.25,0,0
466,23.3,0,0
467,23.349999999999998,0,0
468,23.4,0,0
469,23.45,0,0
470,23.5,0,0
471,23.55,0,0
472,23.6,0,0
473,23.65,0,0
474,23.7,0,0
475,23.75,0,0
476,23.8,0,0
477,23.85,0,0
478,23.900000000000002,0,0
479,23.95,0,0
480,24.0,0,0
481,24.049999999999997,0,0
482,24.1,0,0
483,24.150000000000002,0,0
484,24.2,0,0
485,24.25,0,0
486,24.3,0,0
487,24.349999999999998,0,0
488,24.4,0,0
489,24.450000000000003,0,0
490,24.5,0,0
491,24.55,0,0
492,24.6,0,0
493,24.65,0,0
494,24.7,0,0
495,24.75,0,0
496,24.8,0,0
497,24.85,0,0
498,24.9,0,0
499,24.95,0,0
500,25.0,0,0
501,25.05,0,0
502,25.1,0,0
503,25.150000000000002,0,0
504,25.2,0,0
505,25.25,0,0
506,25.299999999999997,0,0
507,25.349999999999998,0,0
508,25.400000000000002,0,0
509,25.45,0,0
510,25.5,0,0
511,25.55,0,0
512,25.599999999999998,0,0
513,25.65,0,0
514,25.700000000000003,0,0
515,25.75,0,0
516,25.8,0,0
517,25.85,0,0
518,25.9,0,0
519,25.95,0,0
520,26.0,0,0
521,26.05,0,0
522,26.1,0,0
523,26.15,0,0
524,26.2,0,0
525,26.25,0,0
526,26.299999999999997,0,0
527,26.35,0,0
528,26.400000000000002,0,0
529,26.45,0,0
530,26.5,0,0
531,26.55,0,0
532,26.599999999999998,0,0
533,26.650000000000002,0,0
534,26.7,0,0
535,26.75,0,0
536,26.8,0,0
537,26.849999999999998,0,0
538,26.9,0,0
539,26.950000000000003,0,0
540,27.0,0,0
541,27.05,0,0
542,27.1,0,0
543,27.15,0,0
544,27.2,0,0
545,27.25,0,0
546,27.3,0,0
547,27.35,0,0
548,27.4,0,0
549,27.45,0,0
550,27.5,0,0
551,27.549999999999997,0,0
552,27.6,0,0
553,27.650000000000002,0,0
554,27.7,0,0
555,27.75,0,0
556,27.8,0,0
557,27.849999999999998,0,0
558,27.900000000000002,0,0
559,27.95,0,0
560,28.0,0,0
561,28.05,0,0
562,28.099999999999998,0,0
563,28.15,0,0
564,28.2,0,0
565,28.25,0,0
566,28.3,0,0
567,28.35,0,0
568,28.4,0,0
569,28.45,0,0
570,28.5,0,0
571,28.55,0,0
572,28.6,0,0
573,28.65,0,0
574,28.7,0,0
575,28.75,0,0
576,28.799999999999997,0,0
577,28.85,0,0
578,28.900000000000002,0,0
579,28.95,0,0
580,29.0,0,0
581,29.05,0,0
582,29.099999999999998,0,0
583,29.150000000000002,0,0
584,29.200000000000003,0,0
585,29.25,0,0
586,29.3,0,0
587,29.349999999999998,0,0
588,29.4,0,0
589,29.45,0,0
590,29.5,0,0
591,29.55,0,0
592,29.6,0,0
593,29.65,0,0
594,29.7,1,0
595,29.75,1,0
596,29.8,1,0
597,29.85,1,0
598,29.9,1,0
599,29.95,1,0
600,30.0,1,0
601,30.049999999999997,1,0
602,30.1,0,0
603,30.150000000000002,0,0
604,30.2,1,0
605,30.25,1,0
606,30.3,0,0
607,30.349999999999998,0,0
608,30.4,1,0
609,30.450000000000003,1,0
610,30.5,0,0
611,30.549999999999997,0,0
612,30.599999999999998,1,0
613,30.65,1,0
614,30.7,0,0
615,30.750000000000004,0,0
616,30.800000000000004,1,0
617,30.849999999999998,1,0
618,30.9,0,0
619,30.95,0,0
620,31.0,0,0
621,31.050000000000004,0,0
622,31.099999999999998,0,0
623,31.15,0,0
624,31.2,0,0
625,31.25,0,0
626,31.3,0,0
627,31.35,0,0
628,31.4,0,0
629,31.45,0,0
630,31.5,0,0
631,31.55,0,0
632,31.6,0,0
633,31.65,0,0
634,31.7,1,0
635,31.75,1,0
636,31.8,1,0
637,31.85,1,0
638,31.900000000000002,1,0
639,31.949999999999996,1,0
640,32.0,1,0
641,32.05,1,0
642,32.1,1,0
643,32.150000000000006,1,0
644,32.199999999999996,1,0
645,32.25,1,0
646,32.3,1,0
647,32.35,1,0
648,32.4,1,0
649,32.45,1,0
650,32.5,0,0
651,32.55,0,0
652,32.6,0,0
653,32.65,0,0
654,32.7,0,0
655,32.75,0,0
656,32.8,0,0
657,32.85,0,0
658,32.9,1,0
659,32.95,1,0
660,33.0,1,0
661,33.05,1,0
662,33.1,1,0
663,33.15,1,0
664,33.2,1,0
665,33.25,1,0
666,33.300000000000004,0,0
667,33.349999999999994,0,0
668,33.4,1,0
669,33.45,1,0
670,33.5,0,0
671,33.550000000000004,0,0
672,33.599999999999994,1,0
673,33.65,1,0
674,33.699999999999996,0,0
675,33.75,0,0
676,33.800000000000004,1,0
677,33.85,1,0
678,33.9,0,0
679,33.949999999999996,0,0
680,34.0,1,0
681,34.050000000000004,1,0
682,34.1,0,0
683,34.150000000000006,0,0
684,34.199999999999996,0,0
685,34.25,0,0
686,34.3,0,0
687,34.35,0,0
688,34.400000000000006,0,0
689,34.449999999999996,0,0
690,34.5,0,0
691,34.55,0,0
692,34.6,0,0
693,34.65,0,0
694,34.7,0,0
695,34.75,0,0
696,34.8,0,0
697,34.85,0,0
698,34.9,1,0
699,34.95,1,0
700,35.0,1,0
701,35.05,1,0
702,35.1,1,0
703,35.15,1,0
704,35.2,1,0
705,35.25,1,0
706,35.3,1,0
707,35.35,1,0
708,35.4,1,0
709,35.45,1,0
710,35.5,1,0
711,35.55,1,0
712,35.6,1,0
713,35.65,1,0
714,35.7,0,0
715,35.75,0,0
716,35.800000000000004,0,0
717,35.849999999999994,0,0
718,35.9,0,0
719,35.95,0,0
720,36.0,0,0
721,36.050000000000004,0,0
722,36.1,1,0
723,36.15,1,0
724,36.199999999999996,1,0
725,36.25,1,0
726,36.300000000000004,1,0
727,36.35,1,0
728,36.4,1,0
729,36.449999999999996,1,0
730,36.5,0,0
731,36.550000000000004,0,0
732,36.6,1,0
733,36.650000000000006,1,0
734,36.699999999999996,0,0
735,36.75,0,0
736,36.8,1,0
737,36.85,1,0
738,36.900000000000006,0,0
739,36.949999999999996,0,0
740,37.0,1,0
741,37.05,1,0
742,37.1,0,0
743,37.15,0,0
744,37.2,1,0
745,37.25,1,0
746,37.3,0,0
747,37.35,0,0
748,37.4,0,0
749,37.45,0,0
750,37.5,0,0
751,37.55,0,0
752,37.6,0,0
753,37.65,0,0
754,37.7,0,0
755,37.75,0,0
756,37.8,0,0
757,37.85,0,0
758,37.9,0,0
759,37.95,0,0
760,38.0,0,0
761,38.050000000000004,0,0
762,38.099999999999994,1,0
763,38.15,1,0
764,38.2,1,0
765,38.25,1,0
766,38.300000000000004,1,0
767,38.349999999999994,1,0
768,38.4,1,0
769,38.45,1,0
770,38.5,1,0
771,38.550000000000004,1,0
772,38.6,1,0
773,38.65,1,0
774,38.699999999999996,1,0
775,38.75,1,0
776,38.800000000000004,1,0
777,38.85,1,0
778,38.9,0,0
779,38.949999999999996,0,0
780,39.0,0,0
781,39.05,0,0
782,39.1,0,0
783,39.150000000000006,0,0
784,39.199999999999996,0,0
785,39.25,0,0
786,39.3,1,0
787,39.35,1,0
788,39.400000000000006,1,0
789,39.449999999999996,1,0
790,39.5,1,0
791,39.55,1,0
792,39.6,1,0
793,39.65,1,0
794,39.7,0,0
795,39.75,0,0
796,39.8,1,0
797,39.85,1,0
798,39.9,0,0
799,39.95,0,0
800,40.0,1,0
801,40.05,1,0
802,40.1,0,0
803,40.15,0,0
804,40.2,1,0
805,40.25,1,0
806,40.3,0,0
807,40.35,0,0
808,40.4,1,0
809,40.45,1,0
810,40.5,0,0
811,40.550000000000004,0,0
812,40.599999999999994,0,0
813,40.65,0,0
814,40.7,0,0
815,40.75,0,0
816,40.800000000000004,0,0
817,40.849999999999994,0,0
818,40.9,0,0
819,40.949999999999996,0,0
820,41.0,0,0
821,41.050000000000004,0,0
822,41.1,0,0
823,41.15,0,0
824,41.199999999999996,0,0
825,41.25,0,0
826,41.300000000000004,1,0
827,41.35,1,0
828,41.4,1,0
829,41.449999999999996,1,0
830,41.5,1,0
831,41.55,1,0
832,41.6,1,0
833,41.650000000000006,1,0
834,41.699999999999996,1,0
835,41.75,1,0
836,41.8,1,0
837,41.85,1,0
838,41.9,1,0
839,41.95,1,0
840,42.0,1,0
841,42.05,1,0
842,42.1,0,0
843,42.15,0,0
844,42.2,0,0
845,42.25,0,0
846,42.3,0,0
847,42.35,0,0
848,42.4,0,0
849,42.45,0,0
850,42.5,1,0
851,42.55,1,0
852,42.6,1,0
853,42.65,1,0
854,42.7,1,0
855,42.75,1,0
856,42.8,1,0
857,42.85,1,0
858,42.9,0,0
859,42.95,0,0
860,43.0,1,0
861,43.050000000000004,1,0
862,43.099999999999994,0,0
863,43.15,0,0
864,43.2,1,0
865,43.25,1,0
866,43.300000000000004,0,0
867,43.35,0,0
868,43.4,1,0
869,43.449999999999996,1,0
870,43.5,0,0
871,43.550000000000004,0,0
872,43.6,1,0
873,43.65,1,0
874,43.699999999999996,0,0
875,43.75,0,0
876,43.800000000000004,0,0
877,43.85,0,0
878,43.900000000000006,0,0
879,43.949999999999996,0,0
880,44.0,0,0
881,44.05,0,0
882,44.1,0,0
883,44.150000000000006,0,0
884,44.199999999999996,0,0
885,44.25,0,0
886,44.3,0,0
887,44.35,0,0
888,44.4,0,0
889,44.45,0,0
890,44.5,1,0
891,44.55,1,0
892,44.6,1,0
893,44.65,1,0
894,44.7,1,0
895,44.75,1,0
896,44.8,1,0
897,44.85,1,0
898,44.9,1,0
899,44.95,1,0
900,45.0,1,0
901,45.05,1,0
902,45.1,1,0
903,45.15,1,0
904,45.2,1,0
905,45.25,1,0
906,45.300000000000004,0,0
907,45.349999999999994,0,0
908,45.4,0,0
909,45.45,0,0
910,45.5,0,0
911,45.550000000000004,0,0
912,45.599999999999994,0,0
913,45.65,0,0
914,45.7,1,0
915,45.75,1,0
916,45.800000000000004,1,0
917,45.85,1,0
918,45.9,1,0
919,45.949999999999996,1,0
920,46.0,1,0
921,46.050000000000004,1,0
922,46.1,0,0
923,46.15,0,0
924,46.199999999999996,1,0
925,46.25,1,0
926,46.3,0,0
927,46.35,0,0
928,46.400000000000006,1,0
929,46.449999999999996,1,0
930,46.5,0,0
931,46.55,0,0
932,46.6,1,0
933,46.650000000000006,1,0
934,46.699999999999996,0,0
935,46.75,0,0
936,46.8,1,0
937,46.85,1,0
938,46.9,0,0
939,46.95,0,0
940,47.0,0,0
941,47.05,0,0
942,47.1,0,0
943,47.15,0,0
944,47.2,0,0
945,47.25,0,0
946,47.3,0,0
947,47.35,0,0
948,47.4,0,0
949,47.45,0,0
950,47.5,0,0
951,47.55,0,0
952,47.6,0,0
953,47.65,0,0
954,47.7,1,0
955,47.75,1,0
956,47.800000000000004,1,0
957,47.849999999999994,1,0
958,47.9,1,0
959,47.95,1,0
960,48.0,1,0
961,48.050000000000004,1,0
962,48.099999999999994,1,0
963,48.15,1,0
964,48.2,1,0
965,48.25,1,0
966,48.300000000000004,1,0
967,48.35,1,0
968,48.4,1,0
969,48.449999999999996,1,0
970,48.5,0,0
971,48.550000000000004,0,0
972,48.6,0,0
973,48.65,0,0
974,48.699999999999996,0,0
975,48.75,0,0
976,48.8,0,0
977,48.85,0,0
978,48.900000000000006,1,0
979,48.949999999999996,1,0
980,49.0,1,0
981,49.05,1,0
982,49.1,1,0
983,49.15,1,0
984,49.2,1,0
985,49.25,1,0
986,49.3,0,0
987,49.35,0,0
988,49.4,1,0
989,49.45,1,0
990,49.5,0,0
991,49.55,0,0
992,49.6,1,0
993,49.65,1,0
994,49.7,0,0
995,49.75,0,0
996,49.8,1,0
997,49.85,1,0
998,49.9,0,0
999,49.95,0,0
1000,50.0,1,0
1001,50.05,1,0
1002,50.1,0,0
1003,50.15,0,0
1004,50.2,0,0
1005,50.25,0,0
1006,50.300000000000004,0,0
1007,50.349999999999994,0,0
1008,50.4,0,0
1009,50.45,0,0
1010,50.5,0,0
1011,50.550000000000004,0,0
1012,50.599999999999994,0,0
1013,50.65,0,0
1014,50.699999999999996,0,0
1015,50.75,0,0
1016,50.800000000000004,0,0
1017,50.85,0,0
1018,50.9,1,0
1019,50.949999999999996,1,0
1020,51.0,1,0
1021,51.050000000000004,1,0
1022,51.1,1,0
1023,51.150000000000006,1,0
1024,51.199999999999996,1,0
1025,51.25,1,0
1026,51.3,1,0
1027,51.35,1,0
1028,51.400000000000006,1,0
1029,51.449999999999996,1,0
1030,51.5,1,0
1031,51.55,1,0
1032,51.6,1,0
1033,51.65,1,0
1034,51.7,0,0
1035,51.75,0,0
1036,51.8,0,0
1037,51.85,0,0
1038,51.9,0,0
1039,51.95,0,0
1040,52.0,0,0
1041,52.05,0,0
1042,52.1,1,0
1043,52.15,1,0
1044,52.2,1,0
1045,52.25,1,0
1046,52.3,1,0
1047,52.35,1,0
1048,52.4,1,0
1049,52.45,1,0
1050,52.5,0,0
1051,52.55,0,0
1052,52.599999999999994,1,0
1053,52.65,1,0
1054,52.7,0,0
1055,52.75,0,0
1056,52.800000000000004,1,0
1057,52.849999999999994,1,0
1058,52.9,0,0
1059,52.95,0,0
1060,53.0,1,0
1061,53.050000000000004,1,0
1062,53.1,0,0
1063,53.15,0,0
1064,53.199999999999996,1,0
1065,53.25,1,0
1066,53.300000000000004,0,0
1067,53.35,0,0
1068,53.4,0,0
1069,53.449999999999996,0,0
1070,53.5,0,0
1071,53.55,0,0
1072,53.6,0,0
1073,53.650000000000006,0,0
1074,53.699999999999996,0,0
1075,53.75,0,0
1076,53.8,0,0
1077,53.85,0,0
1078,53.900000000000006,0,0
1079,53.949999999999996,0,0
1080,54.0,0,0
1081,54.05,0,0
1082,54.1,1,0
1083,54.15,1,0
1084,54.2,1,0
1085,54.25,1,0
1086,54.3,1,0
1087,54.35,1,0
1088,54.4,1,0
1089,54.45,1,0
1090,54.5,1,0
1091,54.55,1,0
1092,54.6,1,0
1093,54.65,1,0
1094,54.7,1,0
1095,54.75,1,0
1096,54.8,1,0
1097,54.85,1,0
1098,54.9,0,0
1099,54.95,0,0
1100,55.0,0,0
1101,55.050000000000004,0,0
1102,55.099999999999994,0,0
1103,55.15,0,0
1104,55.2,0,0
1105,55.25,0,0
1106,55.300000000000004,1,0
1107,55.349999999999994,1,0
1108,55.4,1,0
1109,55.45,1,0
1110,55.5,1,0
1111,55.550000000000004,1,0
1112,55.6,1,0
1113,55.65,1,0
1114,55.699999999999996,0,0
1115,55.75,0,0
1116,55.800000000000004,1,0
1117,55.85,1,0
1118,55.9,0,0
1119,55.949999999999996,0,0
1120,56.0,1,0
1121,56.05,1,0
1122,56.1,0,0
1123,56.150000000000006,0,0
1124,56.199999999999996,1,0
1125,56.25,1,0
1126,56.3,0,0
1127,56.35,0,0
1128,56.4,1,0
1129,56.45,1,0
1130,56.5,0,0
1131,56.55,0,0
1132,56.6,0,0
1133,56.65,0,0
1134,56.7,0,0
1135,56.75,0,1
1136,56.8,0,1
1137,56.85,0,1
1138,56.9,0,1
1139,56.95,0,1
1140,57.0,0,1
1141,57.05,0,1
1142,57.1,0,1
1143,57.15,0,1
1144,57.2,0,1
1145,57.25,0,1
1146,57.3,1,1
1147,57.35,1,1
1148,57.4,1,1
1149,57.45,1,1
1150,57.5,1,1
1151,57.550000000000004,1,1
1152,57.599999999999994,1,1
1153,57.65,1,1
1154,57.7,1,1
1155,57.75,1,1
1156,57.800000000000004,1,1
1157,57.849999999999994,1,1
1158,57.9,1,1
1159,57.949999999999996,1,1
1160,58.0,1,1
1161,58.050000000000004,1,1
1162,58.1,0,1
1163,58.15,0,1
1164,58.199999999999996,0,1
1165,58.25,0,1
1166,58.300000000000004,0,1
1167,58.35,0,1
1168,58.400000000000006,0,1
1169,58.449999999999996,0,1
1170,58.5,1,1
1171,58.55,1,1
1172,58.6,1,1
1173,58.650000000000006,1,1
1174,58.699999999999996,1,1
1175,58.75,1,1
1176,58.8,1,1
1177,58.85,1,1
1178,58.9,0,1
1179,58.95,0,1
1180,59.0,1,1
1181,59.05,1,1
1182,59.1,0,1
1183,59.15,0,1
1184,59.2,1,1
1185,59.25,1,1
1186,59.3,0,1
1187,59.35,0,1
1188,59.4,1,1
1189,59.45,1,1
1190,59.5,0,1
1191,59.55,0,1
1192,59.6,1,1
1193,59.65,1,1
1194,59.7,0,1
1195,59.75,0,1
1196,59.8,0,1
1197,59.85,0,1
1198,59.9,0,1
1199,59.95,0,1
1200,60.0,0,1
1201,60.050000000000004,0,1
1202,60.099999999999994,0,1
1203,60.15,0,1
1204,60.2,0,1
1205,60.25,0,1
1206,60.300000000000004,0,1
1207,60.35,0,1
1208,60.4,0,1
1209,60.449999999999996,0,1
1210,60.5,1,1
1211,60.550000000000004,1,1
1212,60.6,1,1
1213,60.65,1,1
1214,60.699999999999996,1,1
1215,60.75,1,1
1216,60.8,1,1
1217,60.85,1,1
1218,60.900000000000006,1,1
1219,60.949999999999996,1,1
1220,61.0,1,1
1221,61.050000000000004,1,1
1222,61.099999999999994,1,1
1223,61.15,1,1
1224,61.199999999999996,1,1
1225,61.25,1,1
1226,61.3,0,1
1227,61.35,0,1
1228,61.4,0,1
1229,61.45,0,1
1230,61.50000000000001,0,1
1231,61.550000000000004,0,1
1232,61.60000000000001,0,1
1233,61.64999999999999,0,1
1234,61.699999999999996,1,1
1235,61.75,1,1
1236,61.8,1,1
1237,61.85,1,1
1238,61.9,1,1
1239,61.95,1,1
1240,62.0,1,1
1241,62.050000000000004,1,1
1242,62.10000000000001,0,1
1243,62.150000000000006,0,1
1244,62.199999999999996,1,1
1245,62.24999999999999,1,1
1246,62.3,0,1
1247,62.349999999999994,0,1
1248,62.4,1,1
1249,62.45,1,1
1250,62.5,0,1
1251,62.550000000000004,0,1
1252,62.6,1,1
1253,62.650000000000006,1,1
1254,62.7,0,1
1255,62.74999999999999,0,1
1256,62.8,1,1
1257,62.849999999999994,1,1
1258,62.9,0,1
1259,62.949999999999996,0,1
1260,63.0,0,1
1261,63.050000000000004,0,1
1262,63.1,0,1
1263,63.150000000000006,0,1
1264,63.2,0,1
1265,63.25000000000001,0,1
1266,63.3,0,1
1267,63.349999999999994,0,1
1268,63.4,0,1
1269,63.449999999999996,0,1
1270,63.5,0,1
1271,63.55,0,1
1272,63.6,0,1
1273,63.650000000000006,0,1
1274,63.7,1,1
1275,63.75000000000001,1,1
1276,63.800000000000004,1,1
1277,63.849999999999994,1,1
1278,63.89999999999999,1,1
1279,63.949999999999996,1,1
1280,64.0,1,1
1281,64.05,1,1
1282,64.1,1,1
1283,64.15,1,1
1284,64.2,1,1
1285,64.25,1,1
1286,64.30000000000001,1,1
1287,64.35000000000001,1,1
1288,64.39999999999999,1,1
1289,64.44999999999999,1,1
1290,64.5,0,1
1291,64.55,0,1
1292,64.6,0,1
1293,64.65,0,1
1294,64.7,0,1
1295,64.75,0,1
1296,64.8,0,1
1297,64.85000000000001,0,1
1298,64.9,1,1
1299,64.95,1,1
1300,65.0,1,1
1301,65.05,1,1
1302,65.1,1,1
1303,65.14999999999999,1,1
1304,65.2,1,1
1305,65.25,1,1
1306,65.3,0,1
1307,65.35000000000001,0,1
1308,65.4,1,1
1309,65.45,1,1
1310,65.5,0,1
1311,65.55,0,1
1312,65.6,1,1
1313,65.64999999999999,1,1
1314,65.7,0,1
1315,65.75,0,1
1316,65.8,1,1
1317,65.85,1,1
1318,65.9,0,1
1319,65.95,0,1
1320,66.0,1,1
1321,66.05000000000001,1,1
1322,66.1,0,1
1323,66.14999999999999,0,1
1324,66.2,0,1
1325,66.25,0,1
1326,66.3,0,1
1327,66.35,0,1
1328,66.4,0,1
1329,66.45,0,1
1330,66.5,0,1
1331,66.55000000000001,0,1
1332,66.60000000000001,0,1
1333,66.64999999999999,0,1
1334,66.69999999999999,0,1
1335,66.75,0,1
1336,66.8,0,1
1337,66.85,0,1
1338,66.9,1,1
1339,66.95,1,1
1340,67.0,1,1
1341,67.05,1,1
1342,67.10000000000001,1,1
1343,67.15,1,1
1344,67.19999999999999,1,1
1345,67.25,1,1
1346,67.3,1,1
1347,67.35,1,1
1348,67.39999999999999,1,1
1349,67.45,1,1
1350,67.5,1,1
1351,67.55,1,1
1352,67.60000000000001,1,1
1353,67.65,1,1
1354,67.7,0,1
1355,67.75,0,1
1356,67.8,0,1
1357,67.85,0,1
1358,67.89999999999999,0,1
1359,67.95,0,1
1360,68.0,0,1
1361,68.05,0,1
1362,68.10000000000001,1,1
1363,68.15,1,1
1364,68.2,1,1
1365,68.25,1,1
1366,68.30000000000001,1,1
1367,68.35,1,1
1368,68.39999999999999,1,1
1369,68.45,1,1
1370,68.5,0,1
1371,68.55,0,1
1372,68.6,1,1
1373,68.65,1,1
1374,68.7,0,1
1375,68.75,0,1
1376,68.80000000000001,1,1
1377,68.85000000000001,1,1
1378,68.89999999999999,0,1
1379,68.94999999999999,0,1
1380,69.0,1,1
1381,69.05,1,1
1382,69.1,0,1
1383,69.15,0,1
1384,69.2,1,1
1385,69.25,1,1
1386,69.3,0,1
1387,69.35000000000001,0,1
1388,69.4,0,1
1389,69.44999999999999,0,1
1390,69.5,0,1
1391,69.55,0,1
1392,69.6,0,1
1393,69.65,0,1
1394,69.7,0,1
1395,69.75,0,1
1396,69.8,0,1
1397,69.85000000000001,0,1
1398,69.9,0,1
1399,69.95,0,1
1400,70.0,0,1
1401,70.05,0,1
1402,70.1,1,1
1403,70.14999999999999,1,1
1404,70.2,1,1
1405,70.25,1,1
1406,70.3,1,1
1407,70.35000000000001,1,1
1408,70.4,1,1
1409,70.45,1,1
1410,70.5,1,1
1411,70.55,1,1
1412,70.6,1,1
1413,70.64999999999999,1,1
1414,70.7,1,1
1415,70.75,1,1
1416,70.8,1,1
1417,70.85,1,1
1418,70.9,0,1
1419,70.95,0,1
1420,71.0,0,1
1421,71.05000000000001,0,1
1422,71.1,0,1
1423,71.14999999999999,0,1
1424,71.2,0,1
1425,71.25,0,1
1426,71.3,1,1
1427,71.35,1,1
1428,71.4,1,1
1429,71.45,1,1
1430,71.5,1,1
1431,71.55000000000001,1,1
1432,71.60000000000001,1,1
1433,71.64999999999999,1,1
1434,71.69999999999999,0,1
1435,71.75,0,1
1436,71.8,1,1
1437,71.85,1,1
1438,71.9,0,1
1439,71.95,0,1
1440,72.0,1,1
1441,72.05,1,1
1442,72.10000000000001,0,1
1443,72.15,0,1
1444,72.2,1,1
1445,72.25,1,1
1446,72.3,0,1
1447,72.35,0,1
1448,72.39999999999999,1,1
1449,72.45,1,1
1450,72.5,0,1
1451,72.55,0,1
1452,72.60000000000001,0,1
1453,72.65,0,1
1454,72.7,0,1
1455,72.75,0,1
1456,72.8,0,1
1457,72.85,0,1
1458,72.89999999999999,0,1
1459,72.95,0,1
1460,73.0,0,1
1461,73.05,0,1
1462,73.10000000000001,0,1
1463,73.15,0,1
1464,73.2,0,1
1465,73.25,0,1
1466,73.30000000000001,1,1
1467,73.35,1,1
1468,73.39999999999999,1,1
1469,73.45,1,1
1470,73.5,1,1
1471,73.55,1,1
1472,73.6,1,1
1473,73.65,1,1
1474,73.7,1,1
1475,73.75,1,1
1476,73.80000000000001,1,1
1477,73.85000000000001,1,1
1478,73.89999999999999,1,1
1479,73.94999999999999,1,1
1480,74.0,1,1
1481,74.05,1,1
1482,74.1,0,1
1483,74.15,0,1
1484,74.2,0,1
1485,74.25,0,1
1486,74.3,0,1
1487,74.35000000000001,0,1
1488,74.4,0,1
1489,74.44999999999999,0,1
1490,74.5,1,1
1491,74.55,1,1
1492,74.6,1,1
1493,74.64999999999999,1,1
1494,74.7,1,1
1495,74.75,1,1
1496,74.8,1,1
1497,74.85000000000001,1,1
1498,74.9,0,1
1499,74.95,0,1
1500,75.0,1,1
1501,75.05,1,1
1502,75.1,0,1
1503,75.14999999999999,0,1
1504,75.2,1,1
1505,75.25,1,1
1506,75.3,0,1
1507,75.35000000000001,0,1
1508,75.4,1,1
1509,75.45,1,1
1510,75.5,0,1
1511,75.55,0,1
1512,75.6,1,1
1513,75.64999999999999,1,1
1514,75.7,0,1
1515,75.75,0,1
1516,75.8,0,1
1517,75.85,0,1
1518,75.9,0,1
1519,75.95,0,1
1520,76.0,0,1
1521,76.05000000000001,0,1
1522,76.10000000000001,0,1
1523,76.14999999999999,0,1
1524,76.19999999999999,0,1
1525,76.25,0,1
1526,76.3,0,1
1527,76.35,0,1
1528,76.4,0,1
1529,76.45,0,1
1530,76.5,1,1
1531,76.55,1,1
1532,76.60000000000001,1,1
1533,76.65,1,1
1534,76.69999999999999,1,1
1535,76.75,1,1
1536,76.8,1,1
1537,76.85,1,1
1538,76.9,1,1
1539,76.95,1,1
1540,77.0,1,1
1541,77.05,1,1
1542,77.10000000000001,1,1
1543,77.15,1,1
1544,77.2,1,0
1545,77.25,1,0
1546,77.3,0,0
1547,77.35,0,0
1548,77.39999999999999,0,0
1549,77.45,0,0
1550,77.5,0,0
1551,77.55,0,0
1552,77.60000000000001,0,0
1553,77.65,0,0
1554,77.7,1,0
1555,77.75,1,0
1556,77.8,1,0
1557,77.85,1,0
1558,77.89999999999999,1,0
1559,77.95,1,0
1560,78.0,1,0
1561,78.05,1,0
1562,78.1,0,0
1563,78.15,0,0
1564,78.2,1,0
1565,78.25,1,0
1566,78.30000000000001,0,0
1567,78.35,0,0
1568,78.39999999999999,1,0
1569,78.45,1,0
1570,78.5,0,0
1571,78.55,0,0
1572,78.6,1,0
1573,78.65,1,0
1574,78.7,0,0
1575,78.75,0,0
1576,78.80000000000001,1,0
1577,78.85000000000001,1,0
1578,78.89999999999999,0,0
1579,78.94999999999999,0,0
1580,79.0,0,0
1581,79.05,0,0
1582,79.1,0,0
1583,79.15,0,0
1584,79.2,0,0
1585,79.25,0,0
1586,79.3,0,0
1587,79.35000000000001,0,0
1588,79.4,0,0
1589,79.45,0,0
1590,79.5,0,0
1591,79.55,0,0
1592,79.6,0,0
1593,79.64999999999999,0,0
1594,79.7,1,0
1595,79.75,1,0
1596,79.8,1,0
1597,79.85000000000001,1,0
1598,79.9,1,0
1599,79.95,1,0
1600,80.0,1,0
1601,80.05,1,0
1602,80.1,1,0
1603,80.14999999999999,1,0
1604,80.2,1,0
1605,80.25,1,0
1606,80.3,1,0
1607,80.35000000000001,1,0
1608,80.4,1,0
1609,80.45,1,0
1610,80.5,0,0
1611,80.55000000000001,0,0
1612,80.6,0,0
1613,80.64999999999999,0,0
1614,80.7,0,0
1615,80.75,0,0
1616,80.8,0,0
1617,80.85,0,0
1618,80.9,1,0
1619,80.95,1,0
1620,81.0,1,0
1621,81.05000000000001,1,0
1622,81.10000000000001,1,0
1623,81.14999999999999,1,0
1624,81.19999999999999,1,0
1625,81.25,1,0
1626,81.3,0,0
1627,81.35,0,0
1628,81.4,1,0
1629,81.45,1,0
1630,81.5,0,0
1631,81.55,0,0
1632,81.60000000000001,1,0
1633,81.65,1,0
1634,81.69999999999999,0,0
1635,81.75,0,0
1636,81.8,1,0
1637,81.85,1,0
1638,81.89999999999999,0,0
1639,81.95,0,0
1640,82.0,1,0
1641,82.05,1,0
1642,82.10000000000001,0,0
1643,82.15,0,0
1644,82.2,0,0
1645,82.25,0,0
1646,82.3,0,0
1647,82.35,0,0
1648,82.39999999999999,0,0
1649,82.45,0,0
1650,82.5,0,0
1651,82.55,0,0
1652,82.60000000000001,0,0
1653,82.65,0,0
1654,82.7,0,0
1655,82.75,0,0
1656,82.8,0,0
1657,82.85,0,0
1658,82.89999999999999,1,0
1659,82.95,1,0
1660,83.0,1,0
1661,83.05,1,0
1662,83.1,1,0
1663,83.15,1,0
1664,83.2,1,0
1665,83.25,1,0
1666,83.30000000000001,1,0
1667,83.35000000000001,1,0
1668,83.39999999999999,1,0
1669,83.44999999999999,1,0
1670,83.5,1,0
1671,83.55,1,0
1672,83.6,1,0
1673,83.65,1,0
1674,83.7,0,0
1675,83.75,0,0
1676,83.8,0,0
1677,83.85000000000001,0,0
1678,83.9,0,0
1679,83.94999999999999,0,0
1680,84.0,0,0
1681,84.05,0,0
1682,84.1,1,0
1683,84.15,1,0
1684,84.2,1,0
1685,84.25,1,0
1686,84.3,1,0
1687,84.35000000000001,1,0
1688,84.4,1,0
1689,84.45,1,0
1690,84.5,0,0
1691,84.55,0,0
1692,84.6,1,0
1693,84.64999999999999,1,0
1694,84.7,0,0
1695,84.75,0,0
1696,84.8,1,0
1697,84.85000000000001,1,0
1698,84.9,0,0
1699,84.95,0,0
1700,85.0,1,0
1701,85.05,1,0
1702,85.1,0,0
1703,85.14999999999999,0,0
1704,85.2,1,0
1705,85.25,1,0
1706,85.3,0,0
1707,85.35,0,0
1708,85.4,0,0
1709,85.45,0,0
1710,85.5,0,0
1711,85.55000000000001,0,0
1712,85.6,0,0
1713,85.64999999999999,0,0
1714,85.7,0,0
1715,85.75,0,0
1716,85.8,0,0
1717,85.85,0,0
1718,85.9,0,0
1719,85.95,0,0
1720,86.0,0,0
1721,86.05000000000001,0,0
1722,86.10000000000001,1,0
1723,86.14999999999999,1,0
1724,86.19999999999999,1,0
1725,86.25,1,0
1726,86.3,1,0
1727,86.35,1,0
1728,86.4,1,0
1729,86.45,1,0
1730,86.5,1,0
1731,86.55,1,0
1732,86.60000000000001,1,0
1733,86.65,1,0
1734,86.7,1,0
1735,86.75,1,0
1736,86.8,1,0
1737,86.85,1,0
1738,86.89999999999999,0,0
1739,86.95,0,0
1740,87.0,0,0
1741,87.05,0,0
1742,87.10000000000001,0,0
1743,87.15,0,0
1744,87.2,0,0
1745,87.25,0,0
1746,87.3,1,0
1747,87.35,1,0
1748,87.39999999999999,1,0
1749,87.45,1,0
1750,87.5,1,0
1751,87.55,1,0
1752,87.60000000000001,1,0
1753,87.65,1,1
1754,87.7,0,1
1755,87.75,0,1
1756,87.80000000000001,1,1
1757,87.85,1,1
1758,87.89999999999999,0,1
1759,87.95,0,1
1760,88.0,1,1
1761,88.05,1,1
1762,88.1,0,1
1763,88.15,0,1
1764,88.2,1,1
1765,88.25,1,1
1766,88.30000000000001,0,1
1767,88.35000000000001,0,1
1768,88.39999999999999,1,1
1769,88.44999999999999,1,1
1770,88.5,0,1
1771,88.55,0,1
1772,88.6,0,1
1773,88.65,0,1
1774,88.7,0,1
1775,88.75,0,1
1776,88.8,0,1
1777,88.85000000000001,0,1
1778,88.9,0,1
1779,88.94999999999999,0,1
1780,89.0,0,1
1781,89.05,0,1
1782,89.1,0,1
1783,89.14999999999999,0,1
1784,89.2,0,1
1785,89.25,0,1
1786,89.3,1,1
1787,89.35000000000001,1,1
1788,89.4,1,1
1789,89.45,1,1
1790,89.5,1,1
1791,89.55,1,1
1792,89.6,1,1
1793,89.64999999999999,1,1
1794,89.7,1,1
1795,89.75,1,1
1796,89.8,1,1
1797,89.85000000000001,1,1
1798,89.9,1,1
1799,89.95,1,1
1800,90.0,1,1
1801,90.05,1,1
1802,90.1,0,1
1803,90.14999999999999,0,1
1804,90.2,0,1
1805,90.25,0,1
1806,90.3,0,1
1807,90.35,0,1
1808,90.4,0,1
1809,90.45,0,1
1810,90.5,1,1
1811,90.55000000000001,1,1
1812,90.60000000000001,1,1
1813,90.64999999999999,1,1
1814,90.69999999999999,1,1
1815,90.75,1,1
1816,90.8,1,1
1817,90.85,1,1
1818,90.9,0,1
1819,90.95,0,1
1820,91.0,1,1
1821,91.05,1,1
1822,91.10000000000001,0,1
1823,91.15,0,1
1824,91.19999999999999,1,1
1825,91.25,1,1
1826,91.3,0,1
1827,91.35,0,1
1828,91.4,1,1
1829,91.45,1,1
1830,91.5,0,1
1831,91.55,0,1
1832,91.60000000000001,1,1
1833,91.65,1,1
1834,91.7,0,1
1835,91.75,0,1
1836,91.8,0,1
1837,91.85,0,1
1838,91.89999999999999,0,1
1839,91.95,0,1
1840,92.0,0,1
1841,92.05,0,1
1842,92.10000000000001,0,1
1843,92.15,0,1
1844,92.2,0,1
1845,92.25,0,1
1846,92.3,0,1
1847,92.35,0,1
1848,92.39999999999999,0,1
1849,92.45,0,1
1850,92.5,1,1
1851,92.55,1,1
1852,92.6,1,1
1853,92.65,1,1
1854,92.7,1,1
1855,92.75,1,1
1856,92.80000000000001,1,1
1857,92.85,1,1
1858,92.89999999999999,1,1
1859,92.95,1,1
1860,93.0,1,1
1861,93.05,1,1
1862,93.1,1,1
1863,93.15,1,1
1864,93.2,1,1
1865,93.25,1,1
1866,93.30000000000001,0,1
1867,93.35000000000001,0,1
1868,93.39999999999999,0,1
1869,93.44999999999999,0,1
1870,93.5,0,1
1871,93.55,0,1
1872,93.6,0,1
1873,93.65,0,1
1874,93.7,1,1
1875,93.75,1,1
1876,93.8,1,1
1877,93.85000000000001,1,1
1878,93.9,1,1
1879,93.94999999999999,1,1
1880,94.0,1,1
1881,94.05,1,1
1882,94.1,0,1
1883,94.14999999999999,0,1
1884,94.2,1,1
1885,94.25,1,1
1886,94.3,0,1
1887,94.35000000000001,0,1
1888,94.4,1,1
1889,94.45,1,1
1890,94.5,0,1
1891,94.55,0,1
1892,94.6,1,1
1893,94.64999999999999,1,1
1894,94.7,0,1
1895,94.75,0,1
1896,94.8,1,1
1897,94.85000000000001,1,1
1898,94.9,0,1
1899,94.95,0,1
1900,95.0,0,1
1901,95.05000000000001,0,1
1902,95.1,0,1
1903,95.14999999999999,0,1
1904,95.2,0,1
1905,95.25,0,1
1906,95.3,0,1
1907,95.35,0,1
1908,95.4,0,1
1909,95.45,0,1
1910,95.5,0,1
1911,95.55000000000001,0,1
1912,95.60000000000001,0,1
1913,95.64999999999999,0,1
1914,95.69999999999999,1,1
1915,95.75,1,1
1916,95.8,1,1
1917,95.85,1,1
1918,95.9,1,1
1919,95.95,1,1
1920,96.0,1,1
1921,96.05,1,1
1922,96.10000000000001,1,1
1923,96.15,1,1
1924,96.19999999999999,1,1
1925,96.25,1,1
1926,96.3,1,1
1927,96.35,1,1
1928,96.4,1,1
1929,96.45,1,1
1930,96.5,0,1
1931,96.55,0,1
1932,96.60000000000001,0,1
1933,96.65,0,1
1934,96.7,0,1
1935,96.75,0,1
1936,96.8,0,1
1937,96.85,0,1
1938,96.89999999999999,1,1
1939,96.95,1,1
1940,97.0,1,1
1941,97.05,1,1
1942,97.10000000000001,1,1
1943,97.15,1,1
1944,97.2,1,1
1945,97.25,1,1
1946,97.3,0,1
1947,97.35,0,0
1948,97.39999999999999,1,0
1949,97.45,1,0
1950,97.5,0,0
1951,97.55,0,0
1952,97.6,1,0
1953,97.65,1,0
1954,97.7,0,0
1955,97.75,0,0
1956,97.80000000000001,1,0
1957,97.85000000000001,1,0
1958,97.89999999999999,0,0
1959,97.94999999999999,0,0
1960,98.0,1,0
1961,98.05,1,0
1962,98.1,0,0
1963,98.15,0,0
1964,98.2,0,0
1965,98.25,0,0
1966,98.3,0,0
1967,98.35000000000001,0,0
1968,98.4,0,0
1969,98.44999999999999,0,0
1970,98.5,0,0
1971,98.55,0,0
1972,98.6,0,0
1973,98.65,0,0
1974,98.7,0,0
1975,98.75,0,0
1976,98.8,0,0
1977,98.85000000000001,0,0
1978,98.9,1,0
1979,98.95,1,0
1980,99.0,1,0
1981,99.05,1,0
1982,99.1,1,0
1983,99.14999999999999,1,0
1984,99.2,1,0
1985,99.25,1,0
1986,99.3,1,0
1987,99.35000000000001,1,0
1988,99.4,1,0
1989,99.45,1,0
1990,99.5,1,0
1991,99.55,1,0
1992,99.6,1,0
1993,99.64999999999999,1,0
1994,99.7,0,0
1995,99.75,0,0
1996,99.8,0,0
1997,99.85,0,0
1998,99.9,0,0
1999,99.95,0,0
2000,100.0,0,0
2001,100.05000000000001,0,0
2002,100.1,1,0
2003,100.14999999999999,1,0
2004,100.2,1,0
2005,100.25,1,0
2006,100.3,1,0
2007,100.35,1,0
2008,100.4,1,0
2009,100.45,1,0
2010,100.5,0,0
2011,100.55000000000001,0,0
2012,100.60000000000001,1,0
2013,100.64999999999999,1,0
2014,100.69999999999999,0,0
2015,100.75,0,0
2016,100.8,1,0
2017,100.85,1,0
2018,100.9,0,0
2019,100.95,0,0
2020,101.0,1,0
2021,101.05,1,0
2022,101.10000000000001,0,0
2023,101.15,0,0
2024,101.19999999999999,1,0
2025,101.25,1,0
2026,101.3,0,0
2027,101.35,0,0
2028,101.39999999999999,0,0
2029,101.45,0,0
2030,101.5,0,0
2031,101.55,0,0
2032,101.60000000000001,0,0
2033,101.65,0,0
2034,101.7,0,0
2035,101.75,0,0
2036,101.8,0,0
2037,101.85,0,0
2038,101.89999999999999,0,0
2039,101.95,0,0
2040,102.0,0,0
2041,102.05,0,0
2042,102.10000000000001,1,0
2043,102.15,1,0
2044,102.2,1,0
2045,102.25,1,0
2046,102.30000000000001,1,0
2047,102.35,1,0
2048,102.39999999999999,1,0
2049,102.45,1,0
2050,102.5,1,0
2051,102.55,1,0
2052,102.6,1,0
2053,102.65,1,0
2054,102.7,1,0
2055,102.75,1,0
2056,102.80000000000001,1,0
2057,102.85000000000001,1,0
2058,102.89999999999999,0,0
2059,102.94999999999999,0,0
2060,103.0,0,0
2061,103.05,0,0
2062,103.1,0,0
2063,103.15,0,0
2064,103.2,0,0
2065,103.25,0,0
2066,103.3,1,0
2067,103.35000000000001,1,0
2068,103.4,1,0
2069,103.44999999999999,1,0
2070,103.5,1,0
2071,103.55,1,0
2072,103.6,1,0
2073,103.65,1,0
2074,103.7,0,0
2075,103.75,0,0
2076,103.8,1,0
2077,103.85000000000001,1,0
2078,103.9,0,0
2079,103.95,0,0
2080,104.0,1,0
2081,104.05,1,0
2082,104.1,0,0
2083,104.14999999999999,0,0
2084,104.2,1,0
2085,104.25,1,0
2086,104.3,0,0
2087,104.35000000000001,0,0
2088,104.4,1,0
2089,104.45,1,0
2090,104.5,0,0
2091,104.55,0,0
2092,104.6,0,0
2093,104.64999999999999,0,0
2094,104.7,0,0
2095,104.75,0,0
2096,104.8,0,0
2097,104.85,0,0
2098,104.9,0,0
2099,104.95,0,0
2100,105.0,0,0
2101,105.05000000000001,0,0
2102,105.1,0,0
2103,105.14999999999999,0,0
2104,105.19999999999999,0,0
2105,105.25,0,0
2106,105.3,1,0
2107,105.35,1,0
2108,105.4,1,0
2109,105.45,1,0
2110,105.5,1,0
2111,105.55,1,0
2112,105.60000000000001,1,0
2113,105.65,1,0
2114,105.69999999999999,1,0
2115,105.75,1,0
2116,105.8,1,0
2117,105.85,1,0
2118,105.9,1,0
2119,105.95,1,0
2120,106.0,1,0
2121,106.05,1,0
2122,106.10000000000001,0,0
2123,106.15,0,0
2124,106.2,0,0
2125,106.25,0,0
2126,106.3,0,0
2127,106.35,0,0
2128,106.39999999999999,0,0
2129,106.45,0,0
2130,106.5,1,0
2131,106.55,1,0
2132,106.60000000000001,1,0
2133,106.65,1,0
2134,106.7,1,1
2135,106.75,1,1
2136,106.8,1,1
2137,106.85,1,1
2138,106.89999999999999,0,1
2139,106.95,0,1
2140,107.0,1,1
2141,107.05,1,1
2142,107.1,0,1
2143,107.15,0,1
2144,107.2,1,1
2145,107.25,1,1
2146,107.30000000000001,0,1
2147,107.35,0,1
2148,107.39999999999999,1,1
2149,107.45,1,1
2150,107.5,0,1
2151,107.55,0,1
2152,107.6,1,1
2153,107.65,1,1
2154,107.7,0,1
2155,107.75,0,1
2156,107.80000000000001,0,1
2157,107.85000000000001,0,1
2158,107.89999999999999,0,1
2159,107.94999999999999,0,1
2160,108.0,0,1
2161,108.05,0,1
2162,108.1,0,1
2163,108.15,0,1
2164,108.2,0,1
2165,108.25,0,1
2166,108.3,0,1
2167,108.35000000000001,0,1
2168,108.4,0,1
2169,108.44999999999999,0,1
2170,108.5,1,1
2171,108.55,1,1
2172,108.6,1,1
2173,108.64999999999999,1,1
2174,108.7,1,1
2175,108.75,1,1
2176,108.8,1,1
2177,108.85000000000001,1,1
2178,108.9,1,1
2179,108.95,1,1
2180,109.0,1,1
2181,109.05,1,1
2182,109.1,1,1
2183,109.14999999999999,1,1
2184,109.2,1,1
2185,109.25,1,1
2186,109.3,0,1
2187,109.35000000000001,0,1
2188,109.4,0,1
2189,109.45,0,1
2190,109.5,0,1
2191,109.55000000000001,0,1
2192,109.6,0,1
2193,109.64999999999999,0,1
2194,109.7,1,1
2195,109.75,1,1
2196,109.8,1,1
2197,109.85,1,1
2198,109.9,1,1
2199,109.95,1,1
2200,110.0,1,1
2201,110.05000000000001,1,1
2202,110.10000000000001,0,1
2203,110.14999999999999,0,1
2204,110.19999999999999,1,1
2205,110.25,1,1
2206,110.3,0,1
2207,110.35,0,1
2208,110.4,1,1
2209,110.45,1,1
2210,110.5,0,1
2211,110.55,0,1
2212,110.60000000000001,1,1
2213,110.65,1,1
2214,110.69999999999999,0,1
2215,110.75,0,1
2216,110.8,1,1
2217,110.85,1,1
2218,110.9,0,1
2219,110.95,0,1
2220,111.0,0,1
2221,111.05,0,1
2222,111.10000000000001,0,1
2223,111.15,0,1
2224,111.2,0,1
2225,111.25,0,1
2226,111.3,0,1
2227,111.35,0,1
2228,111.39999999999999,0,1
2229,111.45,0,1
2230,111.5,0,1
2231,111.55,0,1
2232,111.60000000000001,0,1
2233,111.65,0,1
2234,111.7,1,1
2235,111.75,1,1
2236,111.8,1,1
2237,111.85,1,1
2238,111.89999999999999,1,1
2239,111.95,1,1
2240,112.0,1,1
2241,112.05,1,1
2242,112.1,1,1
2243,112.15,1,1
2244,112.2,1,1
2245,112.25,1,1
2246,112.30000000000001,1,1
2247,112.35,1,1
2248,112.39999999999999,1,1
2249,112.44999999999999,1,1
2250,112.5,0,1
2251,112.55,0,1
2252,112.6,0,1
2253,112.65,0,1
2254,112.7,0,1
2255,112.75,0,1
2256,112.8,0,1
2257,112.85000000000001,0,1
2258,112.9,1,1
2259,112.94999999999999,1,1
2260,113.0,1,1
2261,113.05,1,1
2262,113.1,1,1
2263,113.15,1,1
2264,113.2,1,1
2265,113.25,1,1
2266,113.3,0,1
2267,113.35000000000001,0,1
2268,113.4,1,1
2269,113.45,1,1
2270,113.5,0,1
2271,113.55,0,1
2272,113.6,1,1
2273,113.64999999999999,1,1
2274,113.7,0,1
2275,113.75,0,1
2276,113.8,1,1
2277,113.85000000000001,1,1
2278,113.9,0,1
2279,113.95,0,1
2280,114.0,1,1
2281,114.05,1,1
2282,114.1,0,1
2283,114.14999999999999,0,1
2284,114.2,0,1
2285,114.25,0,1
2286,114.3,0,1
2287,114.35,0,1
2288,114.4,0,1
2289,114.45,0,1
2290,114.5,0,1
2291,114.55000000000001,0,1
2292,114.6,0,1
2293,114.64999999999999,0,1
2294,114.7,0,1
2295,114.75,0,1
2296,114.8,0,1
2297,114.85,0,1
2298,114.9,1,1
2299,114.95,1,1
2300,115.0,1,1
2301,115.05000000000001,1,1
2302,115.10000000000001,1,1
2303,115.14999999999999,1,1
2304,115.19999999999999,1,1
2305,115.25,1,1
2306,115.3,1,1
2307,115.35,1,1
2308,115.4,1,1
2309,115.45,1,1
2310,115.5,1,1
2311,115.55,1,1
2312,115.60000000000001,1,1
2313,115.65,1,1
2314,115.69999999999999,0,1
2315,115.75,0,1
2316,115.8,0,1
2317,115.85,0,1
2318,115.89999999999999,0,1
2319,115.95,0,1
2320,116.0,0,0
2321,116.05,0,0
2322,116.10000000000001,1,0
2323,116.15,1,0
2324,116.2,1,0
2325,116.25,1,0
2326,116.3,1,0
2327,116.35,1,0
2328,116.39999999999999,1,0
2329,116.45,1,0
2330,116.5,0,0
2331,116.55,0,0
2332,116.60000000000001,1,0
2333,116.65,1,0
2334,116.7,0,0
2335,116.75,0,0
2336,116.80000000000001,1,0
2337,116.85,1,0
2338,116.89999999999999,0,0
2339,116.95,0,0
2340,117.0,1,0
2341,117.05,1,0
2342,117.1,0,0
2343,117.15,0,0
2344,117.2,1,0
2345,117.25,1,0
2346,117.30000000000001,0,0
2347,117.35000000000001,0,0
2348,117.39999999999999,0,0
2349,117.44999999999999,0,0
2350,117.5,0,0
2351,117.55,0,0
2352,117.6,0,0
2353,117.65,0,0
2354,117.7,0,0
2355,117.75,0,0
2356,117.8,0,0
2357,117.85000000000001,0,0
2358,117.9,0,0
2359,117.94999999999999,0,0
2360,118.0,0,0
2361,118.05,0,0
2362,118.1,1,0
2363,118.15,1,0
2364,118.2,1,0
2365,118.25,1,0
2366,118.3,1,0
2367,118.35000000000001,1,0
2368,118.4,1,0
2369,118.45,1,0
2370,118.5,1,0
2371,118.55,1,0
2372,118.6,1,0
2373,118.64999999999999,1,0
2374,118.7,1,0
2375,118.75,1,0
2376,118.8,1,0
2377,118.85000000000001,1,0
2378,118.9,0,0
2379,118.95,0,0
2380,119.0,0,0
2381,119.05,0,0
2382,119.1,0,0
2383,119.14999999999999,0,0
2384,119.2,0,0
2385,119.25,0,0
2386,119.3,1,0
2387,119.35,1,0
2388,119.4,1,0
2389,119.45,1,0
2390,119.5,1,0
2391,119.55000000000001,1,0
2392,119.6,1,0
2393,119.64999999999999,1,0
2394,119.7,0,0
2395,119.75,0,0
2396,119.8,1,0
2397,119.85,1,0
2398,119.9,0,0
2399,119.95,0,0
2400,120.0,1,0
2401,120.05,1,0
2402,120.10000000000001,0,0
2403,120.15,0,0
2404,120.19999999999999,1,0
2405,120.25,1,0
2406,120.3,0,0
2407,120.35,0,0
2408,120.4,1,0
2409,120.45,1,0
2410,120.5,0,0
2411,120.55,0,0
2412,120.60000000000001,0,0
2413,120.65,0,0
2414,120.7,0,0
2415,120.75,0,0
2416,120.8,0,0
2417,120.85,0,0
2418,120.89999999999999,0,0
2419,120.95,0,0
2420,121.0,0,0
2421,121.05,0,0
2422,121.10000000000001,0,0
2423,121.15,0,0
2424,121.2,0,0
2425,121.25,0,0
2426,121.3,1,0
2427,121.35,1,0
2428,121.39999999999999,1,0
2429,121.45,1,0
2430,121.5,1,0
2431,121.55,1,0
2432,121.6,1,0
2433,121.65,1,0
2434,121.7,1,0
2435,121.75,1,0
2436,121.80000000000001,1,0
2437,121.85,1,0
2438,121.89999999999999,1,0
2439,121.95,1,0
2440,122.0,1,0
2441,122.05,1,0
2442,122.10000000000001,0,0
2443,122.14999999999999,0,0
2444,122.19999999999999,0,0
2445,122.24999999999999,0,0
2446,122.3,0,0
2447,122.35,0,0
2448,122.39999999999999,0,0
2449,122.44999999999999,0,0
2450,122.5,1,0
2451,122.55,1,0
2452,122.6,1,0
2453,122.65,1,0
2454,122.7,1,0
2455,122.75,1,0
2456,122.8,1,0
2457,122.85000000000001,1,0
2458,122.9,0,0
2459,122.95,0,0
2460,123.00000000000001,1,0
2461,123.05000000000001,1,0
2462,123.10000000000001,0,0
2463,123.15,0,0
2464,123.20000000000002,1,0
2465,123.24999999999999,1,0
2466,123.29999999999998,0,0
2467,123.35,0,0
2468,123.39999999999999,1,0
2469,123.44999999999999,1,0
2470,123.5,0,0
2471,123.55,0,0
2472,123.6,1,0
2473,123.64999999999999,1,0
2474,123.7,0,0
2475,123.75,0,0
2476,123.8,0,0
2477,123.85000000000001,0,0
2478,123.9,0,0
2479,123.95,0,0
2480,124.0,0,0
2481,124.05000000000001,0,0
2482,124.10000000000001,0,0
2483,124.15,0,0
2484,124.20000000000002,0,0
2485,124.25000000000001,0,0
2486,124.30000000000001,0,0
2487,124.34999999999998,0,0
2488,124.39999999999999,0,0
2489,124.44999999999999,0,0
2490,124.49999999999999,1,0
2491,124.55,1,0
2492,124.6,1,0
2493,124.64999999999999,1,0
2494,124.69999999999999,1,0
2495,124.75,1,0
2496,124.8,1,0
2497,124.85,1,0
2498,124.9,1,0
2499,124.95,1,0
2500,125.0,1,0
2501,125.05,1,0
2502,125.10000000000001,1,0
2503,125.15,1,0
2504,125.2,1,0
2505,125.25000000000001,1,0
2506,125.30000000000001,0,0
2507,125.35000000000001,0,1
2508,125.4,0,1
2509,125.45000000000002,0,1
2510,125.49999999999999,0,1
2511,125.54999999999998,0,1
2512,125.6,0,1
2513,125.64999999999999,0,1
2514,125.69999999999999,1,1
2515,125.75,1,1
2516,125.8,1,1
2517,125.85,1,1
2518,125.89999999999999,1,1
2519,125.95,1,1
2520,126.0,1,1
2521,126.05,1,1
2522,126.10000000000001,0,1
2523,126.15,0,1
2524,126.2,1,1
2525,126.25,1,1
2526,126.30000000000001,0,1
2527,126.35000000000001,0,1
2528,126.4,1,1
2529,126.45000000000002,1,1
2530,126.50000000000001,0,1
2531,126.55000000000001,0,1
2532,126.6,1,1
2533,126.64999999999999,1,1
2534,126.69999999999999,0,1
2535,126.74999999999999,0,1
2536,126.8,1,1
2537,126.85,1,1
2538,126.89999999999999,0,1
2539,126.95,0,1
2540,127.0,0,1
2541,127.05,0,1
2542,127.1,0,1
2543,127.15,0,1
2544,127.2,0,1
2545,127.25,0,1
2546,127.30000000000001,0,1
2547,127.35000000000001,0,1
2548,127.4,0,1
2549,127.45,0,1
2550,127.50000000000001,0,1
2551,127.55000000000001,0,1
2552,127.60000000000001,0,1
2553,127.65000000000002,0,1
2554,127.69999999999999,1,1
2555,127.74999999999999,1,1
2556,127.79999999999998,1,1
2557,127.85,1,1
2558,127.89999999999999,1,1
2559,127.94999999999999,1,1
2560,128.0,1,1
2561,128.04999999999998,1,1
2562,128.1,1,1
2563,128.15,1,1
2564,128.2,1,1
2565,128.25,1,1
2566,128.3,1,1
2567,128.35,1,1
2568,128.4,1,1
2569,128.45000000000002,1,1
2570,128.5,0,1
2571,128.55,0,1
2572,128.60000000000002,0,1
2573,128.65,0,1
2574,128.70000000000002,0,1
2575,128.75,0,1
2576,128.79999999999998,0,1
2577,128.85,0,1
2578,128.89999999999998,1,1
2579,128.95,1,1
2580,129.0,1,1
2581,129.04999999999998,1,1
2582,129.1,1,1
2583,129.15,1,1
2584,129.2,1,1
2585,129.25,1,1
2586,129.3,0,1
2587,129.35,0,1
2588,129.4,1,1
2589,129.45,1,1
2590,129.5,0,1
2591,129.55,0,1
2592,129.6,1,1
2593,129.65,1,1
2594,129.70000000000002,0,1
2595,129.75,0,1
2596,129.8,1,1
2597,129.85000000000002,1,1
2598,129.9,0,1
2599,129.95,0,1
2600,130.0,1,1
2601,130.04999999999998,1,1
2602,130.1,0,1
2603,130.15,0,1
2604,130.2,0,1
2605,130.25,0,1
2606,130.29999999999998,0,1
2607,130.35,0,1
2608,130.4,0,1
2609,130.45,0,1
2610,130.5,0,1
2611,130.55,0,1
2612,130.6,0,1
2613,130.65,0,1
2614,130.70000000000002,0,1
2615,130.75,0,1
2616,130.8,0,1
2617,130.85000000000002,0,1
2618,130.9,1,1
2619,130.95000000000002,1,1
2620,131.0,1,1
2621,131.04999999999998,1,1
2622,131.1,1,1
2623,131.14999999999998,1,1
2624,131.2,1,1
2625,131.25,1,1
2626,131.29999999999998,1,1
2627,131.35,1,1
2628,131.4,1,1
2629,131.45,1,1
2630,131.5,1,1
2631,131.55,1,1
2632,131.6,1,1
2633,131.65,1,1
2634,131.7,0,1
2635,131.75,0,1
2636,131.8,0,1
2637,131.85,0,1
2638,131.9,0,1
2639,131.95000000000002,0,1
2640,132.0,0,1
2641,132.05,0,1
2642,132.10000000000002,1,1
2643,132.14999999999998,1,1
2644,132.2,1,1
2645,132.25,1,1
2646,132.29999999999998,1,1
2647,132.35,1,1
2648,132.4,1,1
2649,132.45,1,1
2650,132.5,0,1
2651,132.54999999999998,0,1
2652,132.6,1,1
2653,132.65,1,1
2654,132.7,0,1
2655,132.75,0,1
2656,132.8,1,1
2657,132.85,1,1
2658,132.9,0,1
2659,132.95000000000002,0,1
2660,133.0,1,1
2661,133.05,1,1
2662,133.10000000000002,0,1
2663,133.15,0,1
2664,133.20000000000002,1,1
2665,133.25,1,1
2666,133.29999999999998,0,1
2667,133.35,0,1
2668,133.39999999999998,0,1
2669,133.45,0,1
2670,133.5,0,1
2671,133.54999999999998,0,1
2672,133.6,0,1
2673,133.65,0,1
2674,133.7,0,1
2675,133.75,0,1
2676,133.8,0,1
2677,133.85,0,1
2678,133.9,0,1
2679,133.95000000000002,0,1
2680,134.0,0,1
2681,134.05,0,1
2682,134.1,1,1
2683,134.15,1,1
2684,134.20000000000002,1,1
2685,134.25,1,1
2686,134.3,1,1
2687,134.35000000000002,1,1
2688,134.39999999999998,1,1
2689,134.45,1,1
2690,134.5,1,1
2691,134.54999999999998,1,1
2692,134.6,1,1
2693,134.65,1,0
2694,134.7,1,0
2695,134.75,1,0
2696,134.79999999999998,1,0
2697,134.85,1,0
2698,134.9,0,0
2699,134.95,0,0
2700,135.0,0,0
2701,135.05,0,0
2702,135.1,0,0
2703,135.15,0,0
2704,135.20000000000002,0,0
2705,135.25,0,0
2706,135.3,1,0
2707,135.35000000000002,1,0
2708,135.4,1,0
2709,135.45000000000002,1,0
2710,135.5,1,0
2711,135.54999999999998,1,0
2712,135.6,1,0
2713,135.64999999999998,1,0
2714,135.7,0,0
2715,135.75,0,0
2716,135.79999999999998,1,0
2717,135.85,1,0
2718,135.9,0,0
2719,135.95,0,0
2720,136.0,1,0
2721,136.05,1,0
2722,136.1,0,0
2723,136.15,0,0
2724,136.20000000000002,1,0
2725,136.25,1,0
2726,136.3,0,0
2727,136.35,0,0
2728,136.4,1,0
2729,136.45000000000002,1,0
2730,136.5,0,0
2731,136.55,0,0
2732,136.60000000000002,0,0
2733,136.64999999999998,0,0
2734,136.7,0,0
2735,136.75,0,0
2736,136.79999999999998,0,0
2737,136.85,0,0
2738,136.9,0,0
2739,136.95,0,0
2740,137.0,0,0
2741,137.05,0,0
2742,137.1,0,0
2743,137.15,0,0
2744,137.2,0,0
2745,137.25,0,0
2746,137.3,1,0
2747,137.35,1,0
2748,137.4,1,0
2749,137.45000000000002,1,0
2750,137.5,1,0
2751,137.55,1,0
2752,137.60000000000002,1,0
2753,137.65,1,0
2754,137.70000000000002,1,0
2755,137.75,1,0
2756,137.79999999999998,1,0
2757,137.85,1,0
2758,137.89999999999998,1,0
2759,137.95,1,0
2760,138.0,1,0
2761,138.04999999999998,1,0
2762,138.1,0,0
2763,138.15,0,0
2764,138.2,0,0
2765,138.25,0,0
2766,138.3,0,0
2767,138.35,0,0
2768,138.4,0,0
2769,138.45000000000002,0,0
2770,138.5,1,0
2771,138.55,1,0
2772,138.6,1,0
2773,138.65,1,0
2774,138.70000000000002,1,0
2775,138.75,1,0
2776,138.8,1,0
2777,138.85,1,0
2778,138.89999999999998,0,0
2779,138.95,0,0
2780,139.0,1,0
2781,139.04999999999998,1,0
2782,139.1,0,0
2783,139.15,0,0
2784,139.2,1,0
2785,139.25,1,0
2786,139.3,0,0
2787,139.35,0,0
2788,139.4,1,0
2789,139.45,1,0
2790,139.5,0,0
2791,139.55,0,0
2792,139.6,1,0
2793,139.65,1,0
2794,139.70000000000002,0,0
2795,139.75,0,0
2796,139.8,0,0
2797,139.85000000000002,0,0
2798,139.9,0,0
2799,139.95,0,0
2800,140.0,0,0
2801,140.04999999999998,0,0
2802,140.1,0,0
2803,140.14999999999998,0,0
2804,140.2,0,0
2805,140.25,0,0
2806,140.29999999999998,0,0
2807,140.35,0,0
2808,140.4,0,0
2809,140.45,0,0
2810,140.5,1,0
2811,140.55,1,0
2812,140.6,1,0
2813,140.65,1,0
2814,140.70000000000002,1,0
2815,140.75,1,0
2816,140.8,1,0
2817,140.85,1,0
2818,140.9,1,0
2819,140.95000000000002,1,0
2820,141.0,1,0
2821,141.05,1,0
2822,141.1,1,0
2823,141.14999999999998,1,0
2824,141.2,1,0
2825,141.25,1,0
2826,141.29999999999998,0,0
2827,141.35,0,0
2828,141.4,0,0
2829,141.45,0,0
2830,141.5,0,0
2831,141.55,0,0
2832,141.6,0,0
2833,141.65,0,0
2834,141.7,1,0
2835,141.75,1,0
2836,141.8,1,0
2837,141.85,1,0
2838,141.9,1,0
2839,141.95000000000002,1,0
2840,142.0,1,0
2841,142.05,1,0
2842,142.10000000000002,0,0
2843,142.15,0,0
2844,142.2,1,0
2845,142.25,1,0
2846,142.29999999999998,0,0
2847,142.35,0,0
2848,142.4,1,0
2849,142.45,1,0
2850,142.5,0,0
2851,142.54999999999998,0,0
2852,142.6,1,0
2853,142.65,1,0
2854,142.7,0,0
2855,142.75,0,0
2856,142.8,1,0
2857,142.85,1,0
2858,142.9,0,0
2859,142.95000000000002,0,0
2860,143.0,0,0
2861,143.05,0,0
2862,143.10000000000002,0,0
2863,143.15,0,0
2864,143.20000000000002,0,0
2865,143.25,0,0
2866,143.29999999999998,0,0
2867,143.35,0,0
2868,143.39999999999998,0,0
2869,143.45,0,0
2870,143.5,0,0
2871,143.54999999999998,0,0
2872,143.6,0,0
2873,143.65,0,0
2874,143.7,1,0
2875,143.75,1,0
2876,143.8,1,0
2877,143.85,1,0
2878,143.9,1,0
2879,143.95,1,1
2880,144.0,1,1
2881,144.05,1,1
2882,144.1,1,1
2883,144.15,1,1
2884,144.20000000000002,1,1
2885,144.25,1,1
2886,144.3,1,1
2887,144.35000000000002,1,1
2888,144.4,1,1
2889,144.45,1,1
2890,144.5,0,1
2891,144.54999999999998,0,1
2892,144.6,0,1
2893,144.65,0,1
2894,144.7,0,1
2895,144.75,0,1
2896,144.79999999999998,0,1
2897,144.85,0,1
2898,144.9,1,1
2899,144.95,1,1
2900,145.0,1,1
2901,145.05,1,1
2902,145.1,1,1
2903,145.15,1,1
2904,145.20000000000002,1,1
2905,145.25,1,1
2906,145.3,0,1
2907,145.35000000000002,0,1
2908,145.4,1,1
2909,145.45000000000002,1,1
2910,145.5,0,1
2911,145.54999999999998,0,1
2912,145.6,1,1
2913,145.64999999999998,1,1
2914,145.7,0,1
2915,145.75,0,1
2916,145.79999999999998,1,1
2917,145.85,1,1
2918,145.9,0,1
2919,145.95,0,1
2920,146.0,1,1
2921,146.05,1,1
2922,146.1,0,1
2923,146.15,0,1
2924,146.20000000000002,0,1
2925,146.25,0,1
2926,146.3,0,1
2927,146.35,0,1
2928,146.4,0,1
2929,146.45000000000002,0,1
2930,146.5,0,1
2931,146.55,0,1
2932,146.60000000000002,0,1
2933,146.64999999999998,0,1
2934,146.7,0,1
2935,146.75,0,1
2936,146.79999999999998,0,1
2937,146.85,0,1
2938,146.9,1,1
2939,146.95,1,1
2940,147.0,1,1
2941,147.04999999999998,1,1
2942,147.1,1,1
2943,147.15,1,1
2944,147.2,1,1
2945,147.25,1,1
2946,147.3,1,1
2947,147.35,1,1
2948,147.4,1,1
2949,147.45000000000002,1,1
2950,147.5,1,1
2951,147.55,1,1
2952,147.60000000000002,1,1
2953,147.65,1,1
2954,147.70000000000002,0,1
2955,147.75,0,1
2956,147.79999999999998,0,1
2957,147.85,0,1
2958,147.89999999999998,0,1
2959,147.95,0,1
2960,148.0,0,1
2961,148.04999999999998,0,1
2962,148.1,1,1
2963,148.15,1,1
2964,148.2,1,1
2965,148.25,1,1
2966,148.3,1,1
2967,148.35,1,1
2968,148.4,1,1
2969,148.45000000000002,1,1
2970,148.5,0,1
2971,148.55,0,1
2972,148.6,1,1
2973,148.65,1,1
2974,148.70000000000002,0,1
2975,148.75,0,1
2976,148.8,1,1
2977,148.85000000000002,1,1
2978,148.89999999999998,0,1
2979,148.95,0,1
2980,149.0,1,1
2981,149.04999999999998,1,1
2982,149.1,0,1
2983,149.15,0,1
2984,149.2,1,1
2985,149.25,1,1
2986,149.29999999999998,0,1
2987,149.35,0,1
2988,149.4,0,1
2989,149.45,0,1
2990,149.5,0,1
2991,149.55,0,1
2992,149.6,0,1
2993,149.65,0,1
2994,149.70000000000002,0,1
2995,149.75,0,1
2996,149.8,0,1
2997,149.85000000000002,0,1
2998,149.9,0,1
2999,149.95000000000002,0,1
3000,150.0,0,1
3001,150.04999999999998,0,1
3002,150.1,1,1
3003,150.14999999999998,1,1
3004,150.2,1,1
3005,150.25,1,1
3006,150.29999999999998,1,1
3007,150.35,1,1
3008,150.4,1,1
3009,150.45,1,1
3010,150.5,1,1
3011,150.55,1,1
3012,150.6,1,1
3013,150.65,1,1
3014,150.70000000000002,1,1
3015,150.75,1,1
3016,150.8,1,1
3017,150.85,1,1
3018,150.9,0,1
3019,150.95000000000002,0,1
3020,151.0,0,1
3021,151.05,0,1
3022,151.1,0,1
3023,151.14999999999998,0,1
3024,151.2,0,1
3025,151.25,0,1
3026,151.29999999999998,1,1
3027,151.35,1,1
3028,151.4,1,1
3029,151.45,1,1
3030,151.5,1,1
3031,151.55,1,1
3032,151.6,1,1
3033,151.65,1,1
3034,151.7,0,1
3035,151.75,0,1
3036,151.8,1,1
3037,151.85,1,1
3038,151.9,0,1
3039,151.95000000000002,0,1
3040,152.0,1,1
3041,152.05,1,1
3042,152.10000000000002,0,1
3043,152.15,0,1
3044,152.20000000000002,1,1
3045,152.25,1,1
3046,152.29999999999998,0,1
3047,152.35,0,1
3048,152.39999999999998,1,1
3049,152.45,1,1
3050,152.5,0,1
3051,152.54999999999998,0,1
3052,152.6,0,1
3053,152.65,0,1
3054,152.7,0,1
3055,152.75,0,1
3056,152.8,0,1
3057,152.85,0,1
3058,152.9,0,1
3059,152.95000000000002,0,1
3060,153.0,0,1
3061,153.05,0,1
3062,153.1,0,1
3063,153.15,0,1
3064,153.20000000000002,0,1
3065,153.25,0,1
3066,153.3,1,0
3067,153.35,1,0
3068,153.39999999999998,1,0
3069,153.45,1,0
3070,153.5,1,0
3071,153.54999999999998,1,0
3072,153.6,1,0
3073,153.65,1,0
3074,153.7,1,0
3075,153.75,1,0
3076,153.8,1,0
3077,153.85,1,0
3078,153.9,1,0
3079,153.95,1,0
3080,154.0,1,0
3081,154.05,1,0
3082,154.1,0,0
3083,154.15,0,0
3084,154.20000000000002,0,0
3085,154.25,0,0
3086,154.3,0,0
3087,154.35000000000002,0,0
3088,154.4,0,0
3089,154.45,0,0
3090,154.5,1,0
3091,154.54999999999998,1,0
3092,154.6,1,0
3093,154.64999999999998,1,0
3094,154.7,1,0
3095,154.75,1,0
3096,154.79999999999998,1,0
3097,154.85,1,0
3098,154.9,0,0
3099,154.95,0,0
3100,155.0,1,0
3101,155.05,1,0
3102,155.1,0,0
3103,155.15,0,0
3104,155.20000000000002,1,0
3105,155.25,1,0
3106,155.3,0,0
3107,155.35,0,0
3108,155.4,1,0
3109,155.45000000000002,1,0
3110,155.5,0,0
3111,155.55,0,0
3112,155.6,1,0
3113,155.64999999999998,1,0
3114,155.7,0,0
3115,155.75,0,0
3116,155.79999999999998,0,0
3117,155.85,0,0
3118,155.9,0,0
3119,155.95,0,0
3120,156.0,0,0
3121,156.05,0,0
3122,156.1,0,0
3123,156.15,0,0
3124,156.2,0,0
3125,156.25,0,0
3126,156.3,0,0
3127,156.35,0,0
3128,156.4,0,0
3129,156.45000000000002,0,0
3130,156.5,1,0
3131,156.55,1,0
3132,156.60000000000002,1,0
3133,156.65,1,0
3134,156.7,1,0
3135,156.75,1,0
3136,156.79999999999998,1,0
3137,156.85,1,0
3138,156.9,1,0
3139,156.95,1,0
3140,157.0,1,0
3141,157.04999999999998,1,0
3142,157.1,1,0
3143,157.15,1,0
3144,157.2,1,0
3145,157.25,1,0
3146,157.3,0,0
3147,157.35,0,0
3148,157.4,0,0
3149,157.45000000000002,0,0
3150,157.5,0,0
3151,157.55,0,0
3152,157.60000000000002,0,0
3153,157.65,0,0
3154,157.70000000000002,1,0
3155,157.75,1,0
3156,157.79999999999998,1,0
3157,157.85,1,0
3158,157.89999999999998,1,0
3159,157.95,1,0
3160,158.0,1,0
3161,158.04999999999998,1,0
3162,158.1,0,0
3163,158.15,0,0
3164,158.2,1,0
3165,158.25,1,0
3166,158.3,0,0
3167,158.35,0,0
3168,158.4,1,0
3169,158.45,1,0
3170,158.5,0,0
3171,158.55,0,0
3172,158.6,1,0
3173,158.65,1,0
3174,158.70000000000002,0,0
3175,158.75,0,0
3176,158.8,1,0
3177,158.85000000000002,1,0
3178,158.9,0,0
3179,158.95,0,0
3180,159.0,0,0
3181,159.04999999999998,0,0
3182,159.1,0,0
3183,159.15,0,0
3184,159.2,0,0
3185,159.25,0,0
3186,159.29999999999998,0,0
3187,159.35,0,0
3188,159.4,0,0
3189,159.45,0,0
3190,159.5,0,0
3191,159.55,0,0
3192,159.6,0,0
3193,159.65,0,0
3194,159.70000000000002,1,0
3195,159.75,1,0
3196,159.8,1,0
3197,159.85000000000002,1,0
3198,159.9,1,0
3199,159.95000000000002,1,0
3200,160.0,1,0
3201,160.04999999999998,1,0
3202,160.1,1,0
3203,160.14999999999998,1,0
3204,160.2,1,0
3205,160.25,1,0
3206,160.29999999999998,1,0
3207,160.35,1,0
3208,160.4,1,0
3209,160.45,1,0
3210,160.5,0,0
3211,160.55,0,0
3212,160.6,0,0
3213,160.65,0,0
3214,160.70000000000002,0,0
3215,160.75,0,0
3216,160.8,0,0
3217,160.85,0,0
3218,160.9,1,0
3219,160.95000000000002,1,0
3220,161.0,1,0
3221,161.05,1,0
3222,161.10000000000002,1,0
3223,161.14999999999998,1,0
3224,161.2,1,0
3225,161.25,1,0
3226,161.29999999999998,0,0
3227,161.35,0,0
3228,161.4,1,0
3229,161.45,1,0
3230,161.5,0,0
3231,161.54999999999998,0,0
3232,161.6,1,0
3233,161.65,1,0
3234,161.7,0,0
3235,161.75,0,0
3236,161.8,1,0
3237,161.85,1,0
3238,161.9,0,0
3239,161.95000000000002,0,0
3240,162.0,1,0
3241,162.05,1,0
3242,162.10000000000002,0,0
3243,162.15,0,0
3244,162.20000000000002,0,0
3245,162.25,0,0
3246,162.29999999999998,0,0
3247,162.35,0,0
3248,162.39999999999998,0,0
3249,162.45,0,0
3250,162.5,0,0
3251,162.54999999999998,0,0
3252,162.6,0,1
3253,162.65,0,1
3254,162.7,0,1
3255,162.75,0,1
3256,162.8,0,1
3257,162.85,0,1
3258,162.9,1,1
3259,162.95000000000002,1,1
3260,163.0,1,1
3261,163.05,1,1
3262,163.1,1,1
3263,163.15,1,1
3264,163.20000000000002,1,1
3265,163.25,1,1
3266,163.3,1,1
3267,163.35000000000002,1,1
3268,163.39999999999998,1,1
3269,163.45,1,1
3270,163.5,1,1
3271,163.54999999999998,1,1
3272,163.6,1,1
3273,163.65,1,1
3274,163.7,0,1
3275,163.75,0,1
3276,163.79999999999998,0,1
3277,163.85,0,1
3278,163.9,0,1
3279,163.95,0,1
3280,164.0,0,1
3281,164.05,0,1
3282,164.1,1,1
3283,164.15,1,1
3284,164.20000000000002,1,1
3285,164.25,1,1
3286,164.3,1,1
3287,164.35000000000002,1,1
3288,164.4,1,1
3289,164.45000000000002,1,1
3290,164.5,0,1
3291,164.54999999999998,0,1
3292,164.6,1,1
3293,164.64999999999998,1,1
3294,164.7,0,1
3295,164.75,0,1
3296,164.79999999999998,1,1
3297,164.85,1,1
3298,164.9,0,1
3299,164.95,0,1
3300,165.0,1,1
3301,165.05,1,1
3302,165.1,0,1
3303,165.15,0,1
3304,165.20000000000002,1,1
3305,165.25,1,1
3306,165.3,0,1
3307,165.35,0,1
3308,165.4,0,1
3309,165.45000000000002,0,1
3310,165.5,0,1
3311,165.55,0,1
3312,165.6,0,1
3313,165.64999999999998,0,1
3314,165.7,0,1
3315,165.75,0,1
3316,165.79999999999998,0,1
3317,165.85,0,1
3318,165.9,0,1
3319,165.95,0,1
3320,166.0,0,1
3321,166.05,0,1
3322,166.1,1,1
3323,166.15,1,1
3324,166.2,1,1
3325,166.25,1,1
3326,166.3,1,1
3327,166.35,1,1
3328,166.4,1,1
3329,166.45000000000002,1,1
3330,166.5,1,1
3331,166.55,1,1
3332,166.60000000000002,1,1
3333,166.65,1,1
3334,166.70000000000002,1,1
3335,166.75,1,1
3336,166.79999999999998,1,1
3337,166.85,1,1
3338,166.89999999999998,0,1
3339,166.95,0,1
3340,167.0,0,1
3341,167.04999999999998,0,1
3342,167.1,0,1
3343,167.15,0,1
3344,167.2,0,1
3345,167.25,0,1
3346,167.3,1,1
3347,167.35,1,1
3348,167.4,1,1
3349,167.45000000000002,1,1
3350,167.5,1,1
3351,167.55,1,1
3352,167.6,1,1
3353,167.65,1,1
3354,167.70000000000002,0,1
3355,167.75,0,1
3356,167.8,1,1
3357,167.85,1,1
3358,167.89999999999998,0,1
3359,167.95,0,1
3360,168.0,1,1
3361,168.04999999999998,1,1
3362,168.1,0,1
3363,168.15,0,1
3364,168.2,1,1
3365,168.25,1,1
3366,168.3,0,1
3367,168.35,0,1
3368,168.4,1,1
3369,168.45,1,1
3370,168.5,0,1
3371,168.55,0,1
3372,168.6,0,1
3373,168.65,0,1
3374,168.70000000000002,0,1
3375,168.75,0,1
3376,168.8,0,1
3377,168.85000000000002,0,1
3378,168.9,0,1
3379,168.95,0,1
3380,169.0,0,1
3381,169.04999999999998,0,1
3382,169.1,0,1
3383,169.15,0,1
3384,169.2,0,1
3385,169.25,0,1
3386,169.29999999999998,1,1
3387,169.35,1,1
3388,169.4,1,1
3389,169.45,1,1
3390,169.5,1,1
3391,169.55,1,1
3392,169.6,1,1
3393,169.65,1,1
3394,169.70000000000002,1,1
3395,169.75,1,1
3396,169.8,1,1
3397,169.85000000000002,1,1
3398,169.9,1,1
3399,169.95000000000002,1,1
3400,170.0,1,1
3401,170.05,1,1
3402,170.1,0,1
3403,170.14999999999998,0,1
3404,170.2,0,1
3405,170.25,0,1
3406,170.29999999999998,0,1
3407,170.35,0,1
3408,170.4,0,1
3409,170.45,0,1
3410,170.5,1,1
3411,170.55,1,1
3412,170.6,1,1
3413,170.65,1,1
3414,170.7,1,1
3415,170.75,1,1
3416,170.8,1,1
3417,170.85,1,1
3418,170.9,0,1
3419,170.95000000000002,0,1
3420,171.0,1,1
3421,171.05,1,1
3422,171.10000000000002,0,1
3423,171.15,0,1
3424,171.2,1,1
3425,171.25,1,1
3426,171.29999999999998,0,1
3427,171.35,0,1
3428,171.4,1,1
3429,171.45,1,1
3430,171.5,0,1
3431,171.54999999999998,0,1
3432,171.6,1,1
3433,171.65,1,1
3434,171.7,0,1
3435,171.75,0,1
3436,171.8,0,1
3437,171.85,0,1
3438,171.9,0,1
3439,171.95000000000002,0,0
3440,172.0,0,0
3441,172.05,0,0
3442,172.10000000000002,0,0
3443,172.15,0,0
3444,172.20000000000002,0,0
3445,172.25,0,0
3446,172.29999999999998,0,0
3447,172.35,0,0
3448,172.39999999999998,0,0
3449,172.45,0,0
3450,172.5,1,0
3451,172.54999999999998,1,0
3452,172.6,1,0
3453,172.65,1,0
3454,172.7,1,0
3455,172.75,1,0
3456,172.8,1,0
3457,172.85,1,0
3458,172.9,1,0
3459,172.95,1,0
3460,173.0,1,0
3461,173.05,1,0
3462,173.1,1,0
3463,173.15,1,0
3464,173.20000000000002,1,0
3465,173.25,1,0
3466,173.3,0,0
3467,173.35000000000002,0,0
3468,173.4,0,0
3469,173.45,0,0
3470,173.5,0,0
3471,173.54999999999998,0,0
3472,173.6,0,0
3473,173.65,0,0
3474,173.7,1,0
3475,173.75,1,0
3476,173.79999999999998,1,0
3477,173.85,1,0
3478,173.9,1,0
3479,173.95,1,0
3480,174.0,1,0
3481,174.05,1,0
3482,174.1,0,0
3483,174.15,0,0
3484,174.20000000000002,1,0
3485,174.25,1,0
3486,174.3,0,0
3487,174.35000000000002,0,0
3488,174.4,1,0
3489,174.45000000000002,1,0
3490,174.5,0,0
3491,174.54999999999998,0,0
3492,174.6,1,0
3493,174.64999999999998,1,0
3494,174.7,0,0
3495,174.75,0,0
3496,174.79999999999998,1,0
3497,174.85,1,0
3498,174.9,0,0
3499,174.95,0,0
3500,175.0,0,0
3501,175.05,0,0
3502,175.1,0,0
3503,175.15,0,0
3504,175.20000000000002,0,0
3505,175.25,0,0
3506,175.3,0,0
3507,175.35,0,0
3508,175.4,0,0
3509,175.45000000000002,0,0
3510,175.5,0,0
3511,175.55,0,0
3512,175.60000000000002,0,0
3513,175.64999999999998,0,0
3514,175.7,1,0
3515,175.75,1,0
3516,175.79999999999998,1,0
3517,175.85,1,0
3518,175.9,1,0
3519,175.95,1,0
3520,176.0,1,0
3521,176.04999999999998,1,0
3522,176.1,1,0
3523,176.15,1,0
3524,176.2,1,0
3525,176.25,1,0
3526,176.3,1,0
3527,176.35,1,0
3528,176.4,1,0
3529,176.45000000000002,1,0
3530,176.5,0,0
3531,176.55,0,0
3532,176.60000000000002,0,0
3533,176.65,0,0
3534,176.70000000000002,0,0
3535,176.75,0,0
3536,176.79999999999998,0,0
3537,176.85,0,0
3538,176.89999999999998,1,0
3539,176.95,1,0
3540,177.0,1,0
3541,177.04999999999998,1,0
3542,177.1,1,0
3543,177.15,1,0
3544,177.2,1,0
3545,177.25,1,0
3546,177.3,0,0
3547,177.35,0,0
3548,177.4,1,0
3549,177.45000000000002,1,0
3550,177.5,0,0
3551,177.55,0,0
3552,177.6,1,0
3553,177.65,1,0
3554,177.70000000000002,0,0
3555,177.75,0,0
3556,177.8,1,0
3557,177.85000000000002,1,0
3558,177.89999999999998,0,0
3559,177.95,0,0
3560,178.0,1,0
3561,178.04999999999998,1,0
3562,178.1,0,0
3563,178.15,0,0
3564,178.2,0,0
3565,178.25,0,0
3566,178.29999999999998,0,0
3567,178.35,0,0
3568,178.4,0,0
3569,178.45,0,0
3570,178.5,0,0
3571,178.55,0,0
3572,178.6,0,0
3573,178.65,0,0
3574,178.70000000000002,0,0
3575,178.75,0,0
3576,178.8,0,0
3577,178.85000000000002,0,0
3578,178.9,1,0
3579,178.95000000000002,1,0
3580,179.0,1,0
3581,179.04999999999998,1,0
3582,179.1,1,0
3583,179.14999999999998,1,0
3584,179.2,1,0
3585,179.25,1,0
3586,179.29999999999998,1,0
3587,179.35,1,0
3588,179.4,1,0
3589,179.45,1,0
3590,179.5,1,0
3591,179.55,1,0
3592,179.6,1,0
3593,179.65,1,0
3594,179.70000000000002,0,0
3595,179.75,0,0
3596,179.8,0,0
3597,179.85,0,0
3598,179.9,0,0
3599,179.95000000000002,0,0
3600,180.0,0,0
3601,180.05,0,0
3602,180.1,1,0
3603,180.14999999999998,1,0
3604,180.2,1,0
3605,180.25,1,0
3606,180.29999999999998,1,0
3607,180.35,1,0
3608,180.4,1,0
3609,180.45,1,0
3610,180.5,0,0
3611,180.55,0,0
3612,180.6,1,0
3613,180.65,1,0
3614,180.7,0,0
3615,180.75,0,0
3616,180.8,1,0
3617,180.85,1,0
3618,180.9,0,0
3619,180.95000000000002,0,0
3620,181.0,1,0
3621,181.05,1,0
3622,181.10000000000002,0,0
3623,181.15,0,0
3624,181.20000000000002,1,0
3625,181.25,1,1
3626,181.29999999999998,0,1
3627,181.35,0,1
3628,181.39999999999998,0,1
3629,181.45,0,1
3630,181.5,0,1
3631,181.54999999999998,0,1
3632,181.6,0,1
3633,181.65,0,1
3634,181.7,0,1
3635,181.75,0,1
3636,181.8,0,1
3637,181.85,0,1
3638,181.9,0,1
3639,181.95000000000002,0,1
3640,182.0,0,1
3641,182.05,0,1
3642,182.1,1,1
3643,182.15,1,1
3644,182.20000000000002,1,1
3645,182.25,1,1
3646,182.3,1,1
3647,182.35,1,1
3648,182.39999999999998,1,1
3649,182.45,1,1
3650,182.5,1,1
3651,182.54999999999998,1,1
3652,182.6,1,1
3653,182.65,1,1
3654,182.7,1,1
3655,182.75,1,1
3656,182.8,1,1
3657,182.85,1,1
3658,182.9,0,1
3659,182.95,0,1
3660,183.0,0,1
3661,183.05,0,1
3662,183.1,0,1
3663,183.15,0,1
3664,183.20000000000002,0,1
3665,183.25,0,1
3666,183.3,1,1
3667,183.35000000000002,1,1
3668,183.4,1,1
3669,183.45,1,1
3670,183.5,1,1
3671,183.54999999999998,1,1
3672,183.6,1,1
3673,183.65,1,1
3674,183.7,0,1
3675,183.75,0,1
3676,183.79999999999998,1,1
3677,183.85,1,1
3678,183.9,0,1
3679,183.95,0,1
3680,184.0,1,1
3681,184.05,1,1
3682,184.1,0,1
3683,184.15,0,1
3684,184.20000000000002,1,1
3685,184.25,1,1
3686,184.3,0,1
3687,184.35000000000002,0,1
3688,184.4,1,1
3689,184.45000000000002,1,1
3690,184.5,0,1
3691,184.55,0,1
3692,184.6,0,1
3693,184.64999999999998,0,1
3694,184.7,0,1
3695,184.75,0,1
3696,184.79999999999998,0,1
3697,184.85,0,1
3698,184.9,0,1
3699,184.95,0,1
3700,185.0,0,1
3701,185.05,0,1
3702,185.1,0,1
3703,185.15,0,1
3704,185.2,0,1
3705,185.25,0,1
3706,185.3,1,1
3707,185.35,1,1
3708,185.4,1,1
3709,185.45000000000002,1,1
3710,185.5,1,1
3711,185.55,1,1
3712,185.60000000000002,1,1
3713,185.65,1,1
3714,185.7,1,1
3715,185.75,1,1
3716,185.79999999999998,1,1
3717,185.85,1,1
3718,185.9,1,1
3719,185.95,1,1
3720,186.0,1,1
3721,186.04999999999998,1,1
3722,186.1,0,1
3723,186.15,0,1
3724,186.2,0,1
3725,186.25,0,1
3726,186.3,0,1
3727,186.35,0,1
3728,186.4,0,1
3729,186.45000000000002,0,1
3730,186.5,1,1
3731,186.55,1,1
3732,186.60000000000002,1,1
3733,186.65,1,1
3734,186.70000000000002,1,1
3735,186.75,1,1
3736,186.79999999999998,1,1
3737,186.85,1,1
3738,186.89999999999998,0,1
3739,186.95,0,1
3740,187.0,1,1
3741,187.04999999999998,1,1
3742,187.1,0,1
3743,187.15,0,1
3744,187.2,1,1
3745,187.25,1,1
3746,187.3,0,1
3747,187.35,0,1
3748,187.4,1,1
3749,187.45,1,1
3750,187.5,0,1
3751,187.55,0,1
3752,187.6,1,1
3753,187.65,1,1
3754,187.70000000000002,0,1
3755,187.75,0,1
3756,187.8,0,1
3757,187.85000000000002,0,1
3758,187.89999999999998,0,1
3759,187.95,0,1
3760,188.0,0,1
3761,188.04999999999998,0,1
3762,188.1,0,1
3763,188.15,0,1
3764,188.2,0,1
3765,188.25,0,1
3766,188.29999999999998,0,1
3767,188.35,0,1
3768,188.4,0,1
3769,188.45,0,1
3770,188.5,1,1
3771,188.55,1,1
3772,188.6,1,1
3773,188.65,1,1
3774,188.70000000000002,1,1
3775,188.75,1,1
3776,188.8,1,1
3777,188.85000000000002,1,1
3778,188.9,1,1
3779,188.95000000000002,1,1
3780,189.0,1,1
3781,189.04999999999998,1,1
3782,189.1,1,1
3783,189.14999999999998,1,1
3784,189.2,1,1
3785,189.25,1,1
3786,189.29999999999998,0,1
3787,189.35,0,1
3788,189.4,0,1
3789,189.45,0,1
3790,189.5,0,1
3791,189.55,0,1
3792,189.6,0,1
3793,189.65,0,1
3794,189.70000000000002,1,1
3795,189.75,1,1
3796,189.8,1,1
3797,189.85,1,1
3798,189.9,1,1
3799,189.95000000000002,1,1
3800,190.0,1,1
3801,190.05,1,1
3802,190.10000000000002,0,1
3803,190.14999999999998,0,1
3804,190.2,1,1
3805,190.25,1,1
3806,190.29999999999998,0,1
3807,190.35,0,1
3808,190.4,1,1
3809,190.45,1,1
3810,190.5,0,1
3811,190.54999999999998,0,0
3812,190.6,1,0
3813,190.65,1,0
3814,190.7,0,0
3815,190.75,0,0
3816,190.8,1,0
3817,190.85,1,0
3818,190.9,0,0
3819,190.95000000000002,0,0
3820,191.0,0,0
3821,191.05,0,0
3822,191.10000000000002,0,0
3823,191.15,0,0
3824,191.20000000000002,0,0
3825,191.25,0,0
3826,191.29999999999998,0,0
3827,191.35,0,0
3828,191.39999999999998,0,0
3829,191.45,0,0
3830,191.5,0,0
3831,191.54999999999998,0,0
3832,191.6,0,0
3833,191.65,0,0
3834,191.7,1,0
3835,191.75,1,0
3836,191.8,1,0
3837,191.85,1,0
3838,191.9,1,0
3839,191.95000000000002,1,0
3840,192.0,1,0
3841,192.05,1,0
3842,192.1,1,0
3843,192.15,1,0
3844,192.20000000000002,1,0
3845,192.25,1,0
3846,192.3,1,0
3847,192.35000000000002,1,0
3848,192.39999999999998,1,0
3849,192.45,1,0
3850,192.5,0,0
3851,192.54999999999998,0,0
3852,192.6,0,0
3853,192.65,0,0
3854,192.7,0,0
3855,192.75,0,0
3856,192.8,0,0
3857,192.85,0,0
3858,192.9,1,0
3859,192.95,1,0
3860,193.0,1,0
3861,193.05,1,0
3862,193.1,1,0
3863,193.15,1,0
3864,193.20000000000002,1,0
3865,193.25,1,0
3866,193.3,0,0
3867,193.35000000000002,0,0
3868,193.4,1,0
3869,193.45000000000002,1,0
3870,193.5,0,0
3871,193.54999999999998,0,0
3872,193.6,1,0
3873,193.64999999999998,1,0
3874,193.7,0,0
3875,193.75,0,0
3876,193.79999999999998,1,0
3877,193.85,1,0
3878,193.9,0,0
3879,193.95,0,0
3880,194.0,1,0
3881,194.05,1,0
3882,194.1,0,0
3883,194.15,0,0
3884,194.20000000000002,0,0
3885,194.25,0,0
3886,194.3,0,0
3887,194.35,0,0
3888,194.4,0,0
3889,194.45000000000002,0,0
3890,194.5,0,0
3891,194.55,0,0
3892,194.6,0,0
3893,194.64999999999998,0,0
3894,194.7,0,0
3895,194.75,0,0
3896,194.79999999999998,0,0
3897,194.85,0,0
3898,194.9,1,0
3899,194.95,1,0
3900,195.0,1,0
3901,195.05,1,0
3902,195.1,1,0
3903,195.15,1,0
3904,195.2,1,0
3905,195.25,1,0
3906,195.3,1,0
3907,195.35,1,0
3908,195.4,1,0
3909,195.45000000000002,1,0
3910,195.5,1,0
3911,195.55,1,0
3912,195.60000000000002,1,0
3913,195.65,1,0
3914,195.70000000000002,0,0
3915,195.75,0,0
3916,195.79999999999998,0,0
3917,195.85,0,0
3918,195.89999999999998,0,0
3919,195.95,0,0
3920,196.0,0,0
3921,196.04999999999998,0,0
3922,196.1,1,0
3923,196.15,1,0
3924,196.2,1,0
3925,196.25,1,0
3926,196.3,1,0
3927,196.35,1,0
3928,196.4,1,0
3929,196.45000000000002,1,0
3930,196.5,0,0
3931,196.55,0,0
3932,196.6,1,0
3933,196.65,1,0
3934,196.70000000000002,0,0
3935,196.75,0,0
3936,196.8,1,0
3937,196.85,1,0
3938,196.89999999999998,0,0
3939,196.95,0,0
3940,197.0,1,0
3941,197.04999999999998,1,0
3942,197.1,0,0
3943,197.15,0,0
3944,197.2,1,0
3945,197.25,1,0
3946,197.3,0,0
3947,197.35,0,0
3948,197.4,0,0
3949,197.45,0,0
3950,197.5,0,0
3951,197.55,0,0
3952,197.6,0,0
3953,197.65,0,0
3954,197.70000000000002,0,0
3955,197.75,0,0
3956,197.8,0,0
3957,197.85000000000002,0,0
3958,197.9,0,0
3959,197.95,0,0
3960,198.0,0,0
3961,198.04999999999998,0,0
3962,198.1,1,0
3963,198.15,1,0
3964,198.2,1,0
3965,198.25,1,0
3966,198.29999999999998,1,0
3967,198.35,1,0
3968,198.4,1,0
3969,198.45,1,0
3970,198.5,1,0
3971,198.55,1,0
3972,198.6,1,0
3973,198.65,1,0
3974,198.70000000000002,1,0
3975,198.75,1,0
3976,198.8,1,0
3977,198.85000000000002,1,0
3978,198.9,0,0
3979,198.95000000000002,0,0
3980,199.0,0,0
3981,199.04999999999998,0,0
3982,199.1,0,0
3983,199.14999999999998,0,0
3984,199.2,0,0
3985,199.25,0,0
3986,199.29999999999998,1,0
3987,199.35,1,0
3988,199.4,1,0
3989,199.45,1,0
3990,199.5,1,0
3991,199.55,1,0
3992,199.6,1,0
3993,199.65,1,0
3994,199.7,0,0
3995,199.75,0,0
3996,199.8,1,0
3997,199.85,1,0
3998,199.9,0,1
3999,199.95000000000002,0,1
4000,200.0,1,1
4001,200.05,1,1
4002,200.10000000000002,0,1
4003,200.15,0,1
4004,200.2,1,1
4005,200.25,1,1
4006,200.29999999999998,0,1
4007,200.35,0,1
4008,200.4,1,1
4009,200.45,1,1
4010,200.5,0,1
4011,200.54999999999998,0,1
4012,200.6,0,1
4013,200.65,0,1
4014,200.7,0,1
4015,200.75,0,1
4016,200.8,0,1
4017,200.85,0,1
4018,200.9,0,1
4019,200.95000000000002,0,1
4020,201.0,0,1
4021,201.05,0,1
4022,201.10000000000002,0,1
4023,201.15,0,1
4024,201.20000000000002,0,1
4025,201.25,0,1
4026,201.29999999999998,1,1
4027,201.35,1,1
4028,201.39999999999998,1,1
4029,201.45,1,1
4030,201.5,1,1
4031,201.54999999999998,1,1
4032,201.6,1,1
4033,201.65,1,1
4034,201.7,1,1
4035,201.75,1,1
4036,201.8,1,1
4037,201.85,1,1
4038,201.9,1,1
4039,201.95,1,1
4040,202.0,1,1
4041,202.05,1,1
4042,202.1,0,1
4043,202.15,0,1
4044,202.20000000000002,0,1
4045,202.25,0,1
4046,202.3,0,1
4047,202.35000000000002,0,1
4048,202.39999999999998,0,1
4049,202.45,0,1
4050,202.5,1,1
4051,202.54999999999998,1,1
4052,202.6,1,1
4053,202.65,1,1
4054,202.7,1,1
4055,202.75,1,1
4056,202.79999999999998,1,1
4057,202.85,1,1
4058,202.9,0,1
4059,202.95,0,1
4060,203.0,1,1
4061,203.05,1,1
4062,203.1,0,1
4063,203.15,0,1
4064,203.20000000000002,1,1
4065,203.25,1,1
4066,203.3,0,1
4067,203.35000000000002,0,1
4068,203.4,1,1
4069,203.45000000000002,1,1
4070,203.5,0,1
4071,203.54999999999998,0,1
4072,203.6,1,1
4073,203.64999999999998,1,1
4074,203.7,0,1
4075,203.75,0,1
4076,203.79999999999998,0,1
4077,203.85,0,1
4078,203.9,0,1
4079,203.95,0,1
4080,204.0,0,1
4081,204.05,0,1
4082,204.1,0,1
4083,204.15,0,1
4084,204.20000000000002,0,1
4085,204.25,0,1
4086,204.3,0,1
4087,204.35,0,1
4088,204.4,0,1
4089,204.45000000000002,0,1
4090,204.5,1,1
4091,204.55,1,1
4092,204.60000000000002,1,1
4093,204.64999999999998,1,1
4094,204.7,1,1
4095,204.75,1,1
