sample,time_us,dio0
0,0.0,0
1,0.09999999999999999,0
2,0.19999999999999998,0
3,0.3,0
4,0.39999999999999997,0
5,0.5,0
6,0.6,0
7,0.7,0
8,0.7999999999999999,0
9,0.8999999999999999,0
10,1.0,0
11,1.1,0
12,1.2,0
13,1.3,0
14,1.4,0
15,1.5,0
16,1.5999999999999999,0
17,1.7,0
18,1.7999999999999998,0
19,1.9,0
20,2.0,0
21,2.0999999999999996,0
22,2.2,0
23,2.3,0
24,2.4,0
25,2.5,0
26,2.6,0
27,2.7,0
28,2.8,0
29,2.9000000000000004,0
30,3.0,0
31,3.1,0
32,3.1999999999999997,0
33,3.3000000000000003,0
34,3.4,0
35,3.5,0
36,3.5999999999999996,0
37,3.7,0
38,3.8,0
39,3.9,0
40,4.0,0
41,4.1,0
42,4.199999999999999,0
43,4.300000000000001,0
44,4.4,0
45,4.5,0
46,4.6,0
47,4.7,0
48,4.8,0
49,4.8999999999999995,0
50,5.0,0
51,5.1000000000000005,0
52,5.2,0
53,5.3,0
54,5.4,0
55,5.5,0
56,5.6,0
57,5.699999999999999,0
58,5.800000000000001,0
59,5.9,0
60,6.0,0
61,6.1,0
62,6.2,0
63,6.3,0
64,6.3999999999999995,0
65,6.5,0
66,6.6000000000000005,0
67,6.7,0
68,6.8,0
69,6.9,0
70,7.0,0
71,7.1,0
72,7.199999999999999,0
73,7.300000000000001,0
74,7.4,0
75,7.5,0
76,7.6,0
77,7.700000000000001,0
78,7.8,0
79,7.9,0
80,8.0,0
81,8.1,0
82,8.2,0
83,8.3,0
84,8.399999999999999,0
85,8.5,0
86,8.600000000000001,0
87,8.7,0
88,8.8,0
89,8.9,0
90,9.0,0
91,9.1,0
92,9.2,0
93,9.3,0
94,9.4,0
95,9.5,0
96,9.6,0
97,9.700000000000001,0
98,9.799999999999999,0
99,9.9,0
100,10.0,0
101,10.1,0
102,10.200000000000001,0
103,10.299999999999999,0
104,10.4,0
105,10.5,0
106,10.6,0
107,10.7,0
108,10.8,0
109,10.9,0
110,11.0,0
111,11.1,0
112,11.2,0
113,11.3,0
114,11.399999999999999,0
115,11.5,0
116,11.600000000000001,0
117,11.7,0
118,11.8,0
119,11.9,0
120,12.0,0
121,12.1,0
122,12.2,0
123,12.3,0
124,12.4,0
125,12.5,0
126,12.6,0
127,12.700000000000001,0
128,12.799999999999999,0
129,12.9,0
130,13.0,0
131,13.1,0
132,13.200000000000001,0
133,13.299999999999999,0
134,13.4,0
135,13.5,0
136,13.6,0
137,13.7,0
138,13.8,0
139,13.9,0
140,14.0,0
141,14.1,0
142,14.2,0
143,14.3,0
144,14.399999999999999,0
145,14.5,0
146,14.600000000000001,0
147,14.7,0
148,14.8,0
149,14.9,0
150,15.0,0
151,15.1,0
152,15.2,0
153,15.299999999999999,0
154,15.400000000000002,0
155,15.5,0
156,15.6,0
157,15.7,0
158,15.8,0
159,15.9,0
160,16.0,0
161,16.099999999999998,0
162,16.2,0
163,16.3,0
164,16.4,0
165,16.5,0
166,16.6,0
167,16.7,0
168,16.799999999999997,0
169,16.900000000000002,0
170,17.0,0
171,17.099999999999998,0
172,17.200000000000003,0
173,17.3,0
174,17.4,0
175,17.5,0
176,17.6,0
177,17.7,0
178,17.8,0
179,17.900000000000002,0
180,18.0,0
181,18.099999999999998,0
182,18.2,0
183,18.3,0
184,18.4,0
185,18.5,0
186,18.6,0
187,18.7,0
188,18.8,0
189,18.9,0
190,19.0,0
191,19.1,0
192,19.2,0
193,19.3,0
194,19.400000000000002,0
195,19.5,0
196,19.599999999999998,0
197,19.700000000000003,0
198,19.8,0
199,19.9,0
200,20.0,0
201,20.1,0
202,20.2,0
203,20.299999999999997,0
204,20.400000000000002,0
205,20.5,0
206,20.599999999999998,0
207,20.7,0
208,20.8,0
209,20.9,0
210,21.0,0
211,21.1,0
212,21.2,0
213,21.3,0
214,21.4,0
215,21.5,0
216,21.6,0
217,21.7,0
218,21.8,0
219,21.900000000000002,0
220,22.0,0
221,22.099999999999998,0
222,22.2,0
223,22.3,0
224,22.4,0
225,22.5,0
226,22.6,0
227,22.7,0
228,22.799999999999997,0
229,22.900000000000002,0
230,23.0,0
231,23.099999999999998,0
232,23.200000000000003,0
233,23.3,0
234,23.4,0
235,23.5,0
236,23.6,0
237,23.7,0
238,23.8,0
239,23.900000000000002,0
240,24.0,0
241,24.1,0
242,24.2,0
243,24.3,0
244,24.4,0
245,24.5,0
246,24.6,0
247,24.7,0
248,24.8,0
249,24.9,0
250,25.0,0
251,25.1,0
252,25.2,0
253,25.299999999999997,0
254,25.400000000000002,0
255,25.5,0
256,25.599999999999998,0
257,25.700000000000003,0
258,25.8,0
259,25.9,0
260,26.0,0
261,26.1,0
262,26.2,0
263,26.299999999999997,0
264,26.400000000000002,0
265,26.5,0
266,26.599999999999998,0
267,26.7,0
268,26.8,0
269,26.9,0
270,27.0,0
271,27.1,0
272,27.2,0
273,27.3,0
274,27.4,0
275,27.5,0
276,27.6,0
277,27.7,0
278,27.8,0
279,27.900000000000002,0
280,28.0,0
281,28.099999999999998,0
282,28.2,0
283,28.3,0
284,28.4,0
285,28.5,0
286,28.6,0
287,28.7,0
288,28.799999999999997,0
289,28.900000000000002,0
290,29.0,0
291,29.099999999999998,0
292,29.200000000000003,0
293,29.3,0
294,29.4,0
295,29.5,0
296,29.6,0
297,29.7,0
298,29.8,0
299,29.9,0
300,30.0,0
301,30.1,0
302,30.2,0
303,30.3,0
304,30.4,0
305,30.5,0
306,30.599999999999998,0
307,30.7,0
308,30.800000000000004,0
309,30.9,0
310,31.0,0
311,31.099999999999998,0
312,31.2,0
313,31.3,0
314,31.4,0
315,31.5,0
316,31.6,0
317,31.7,0
318,31.8,0
319,31.900000000000002,0
320,32.0,0
321,32.1,0
322,32.199999999999996,0
323,32.3,0
324,32.4,0
325,32.5,0
326,32.6,0
327,32.7,0
328,32.8,0
329,32.9,0
330,33.0,0
331,33.1,0
332,33.2,0
333,33.300000000000004,0
334,33.4,0
335,33.5,0
336,33.599999999999994,0
337,33.699999999999996,0
338,33.800000000000004,0
339,33.9,0
340,34.0,0
341,34.1,0
342,34.199999999999996,0
343,34.3,0
344,34.400000000000006,0
345,34.5,0
346,34.6,0
347,34.7,0
348,34.8,0
349,34.9,0
350,35.0,0
351,35.1,0
352,35.2,0
353,35.3,0
354,35.4,0
355,35.5,0
356,35.6,0
357,35.7,0
358,35.800000000000004,0
359,35.9,0
360,36.0,0
361,36.1,0
362,36.199999999999996,0
363,36.300000000000004,0
364,36.4,0
365,36.5,0
366,36.6,0
367,36.699999999999996,0
368,36.8,0
369,36.900000000000006,0
370,37.0,0
371,37.1,0
372,37.2,0
373,37.3,0
374,37.4,0
375,37.5,0
376,37.6,0
377,37.7,0
378,37.8,0
379,37.9,0
380,38.0,0
381,38.099999999999994,0
382,38.2,0
383,38.300000000000004,0
384,38.4,0
385,38.5,0
386,38.6,0
387,38.699999999999996,0
388,38.800000000000004,0
389,38.9,0
390,39.0,0
391,39.1,0
392,39.199999999999996,0
393,39.3,0
394,39.400000000000006,0
395,39.5,0
396,39.6,0
397,39.7,0
398,39.8,0
399,39.9,0
400,40.0,0
401,40.1,0
402,40.2,0
403,40.3,0
404,40.4,0
405,40.5,0
406,40.599999999999994,0
407,40.7,0
408,40.800000000000004,0
409,40.9,0
410,41.0,0
411,41.1,0
412,41.199999999999996,0
413,41.300000000000004,0
414,41.4,0
415,41.5,0
416,41.6,0
417,41.699999999999996,0
418,41.8,0
419,41.9,0
420,42.0,0
421,42.1,0
422,42.2,0
423,42.3,0
424,42.4,0
425,42.5,0
426,42.6,0
427,42.7,0
428,42.8,0
429,42.9,0
430,43.0,0
431,43.099999999999994,0
432,43.2,0
433,43.300000000000004,0
434,43.4,0
435,43.5,0
436,43.6,0
437,43.699999999999996,0
438,43.800000000000004,0
439,43.900000000000006,0
440,44.0,0
441,44.1,0
442,44.199999999999996,0
443,44.3,0
444,44.4,0
445,44.5,0
446,44.6,0
447,44.7,0
448,44.8,0
449,44.9,0
450,45.0,0
451,45.1,0
452,45.2,0
453,45.300000000000004,0
454,45.4,0
455,45.5,0
456,45.599999999999994,0
457,45.7,0
458,45.800000000000004,0
459,45.9,0
460,46.0,0
461,46.1,0
462,46.199999999999996,0
463,46.3,0
464,46.400000000000006,0
465,46.5,0
466,46.6,0
467,46.699999999999996,0
468,46.8,0
469,46.9,0
470,47.0,0
471,47.1,0
472,47.2,0
473,47.3,0
474,47.4,0
475,47.5,0
476,47.6,0
477,47.7,0
478,47.800000000000004,0
479,47.9,0
480,48.0,0
481,48.099999999999994,0
482,48.2,0
483,48.300000000000004,0
484,48.4,0
485,48.5,0
486,48.6,0
487,48.699999999999996,0
488,48.8,0
489,48.900000000000006,0
490,49.0,0
491,49.1,0
492,49.2,0
493,49.3,0
494,49.4,0
495,49.5,0
496,49.6,0
497,49.7,0
498,49.8,0
499,49.9,0
500,50.0,0
501,50.1,0
502,50.2,0
503,50.300000000000004,0
504,50.4,0
505,50.5,0
506,50.599999999999994,0
507,50.699999999999996,0
508,50.800000000000004,0
509,50.9,0
510,51.0,0
511,51.1,0
512,51.199999999999996,0
513,51.3,0
514,51.400000000000006,0
515,51.5,0
516,51.6,0
517,51.7,0
518,51.8,0
519,51.9,0
520,52.0,0
521,52.1,0
522,52.2,0
523,52.3,0
524,52.4,0
525,52.5,0
526,52.599999999999994,0
527,52.7,0
528,52.800000000000004,0
529,52.9,0
530,53.0,0
531,53.1,0
532,53.199999999999996,0
533,53.300000000000004,0
534,53.4,0
535,53.5,0
536,53.6,0
537,53.699999999999996,0
538,53.8,0
539,53.900000000000006,0
540,54.0,0
541,54.1,0
542,54.2,0
543,54.3,0
544,54.4,0
545,54.5,0
546,54.6,0
547,54.7,0
548,54.8,0
549,54.9,0
550,55.0,0
551,55.099999999999994,0
552,55.2,0
553,55.300000000000004,0
554,55.4,0
555,55.5,0
556,55.6,0
557,55.699999999999996,0
558,55.800000000000004,0
559,55.9,0
560,56.0,0
561,56.1,0
562,56.199999999999996,0
563,56.3,0
564,56.4,0
565,56.5,0
566,56.6,0
567,56.7,0
568,56.8,0
569,56.9,0
570,57.0,0
571,57.1,0
572,57.2,0
573,57.3,0
574,57.4,0
575,57.5,0
576,57.599999999999994,0
577,57.7,0
578,57.800000000000004,0
579,57.9,0
580,58.0,0
581,58.1,0
582,58.199999999999996,0
583,58.300000000000004,0
584,58.400000000000006,0
585,58.5,0
586,58.6,0
587,58.699999999999996,0
588,58.8,0
589,58.9,0
590,59.0,0
591,59.1,0
592,59.2,0
593,59.3,0
594,59.4,1
595,59.5,1
596,59.6,1
597,59.7,1
598,59.8,1
599,59.9,1
600,60.0,1
601,60.099999999999994,1
602,60.2,1
603,60.300000000000004,1
604,60.4,1
605,60.5,1
606,60.6,1
607,60.699999999999996,1
608,60.8,1
609,60.900000000000006,1
610,61.0,1
611,61.099999999999994,1
612,61.199999999999996,1
613,61.3,1
614,61.4,1
615,61.50000000000001,1
616,61.60000000000001,1
617,61.699999999999996,1
618,61.8,1
619,61.9,1
620,62.0,1
621,62.10000000000001,1
622,62.199999999999996,1
623,62.3,1
624,62.4,1
625,62.5,1
626,62.6,1
627,62.7,1
628,62.8,1
629,62.9,1
630,63.0,1
631,63.1,1
632,63.2,1
633,63.3,1
634,63.4,0
635,63.5,0
636,63.6,0
637,63.7,0
638,63.800000000000004,0
639,63.89999999999999,0
640,64.0,0
641,64.1,0
642,64.2,0
643,64.30000000000001,0
644,64.39999999999999,1
645,64.5,1
646,64.6,1
647,64.7,1
648,64.8,1
649,64.9,1
650,65.0,1
651,65.1,1
652,65.2,1
653,65.3,1
654,65.4,0
655,65.5,0
656,65.6,0
657,65.7,0
658,65.8,0
659,65.9,0
660,66.0,0
661,66.1,0
662,66.2,0
663,66.3,0
664,66.4,1
665,66.5,1
666,66.60000000000001,1
667,66.69999999999999,1
668,66.8,1
669,66.9,1
670,67.0,1
671,67.10000000000001,1
672,67.19999999999999,1
673,67.3,1
674,67.39999999999999,0
675,67.5,0
676,67.60000000000001,0
677,67.7,0
678,67.8,0
679,67.89999999999999,0
680,68.0,0
681,68.10000000000001,0
682,68.2,0
683,68.30000000000001,0
684,68.39999999999999,1
685,68.5,1
686,68.6,1
687,68.7,1
688,68.80000000000001,1
689,68.89999999999999,1
690,69.0,1
691,69.1,1
692,69.2,1
693,69.3,1
694,69.4,0
695,69.5,0
696,69.6,0
697,69.7,0
698,69.8,0
699,69.9,0
700,70.0,0
701,70.1,0
702,70.2,0
703,70.3,0
704,70.4,1
705,70.5,1
706,70.6,1
707,70.7,1
708,70.8,1
709,70.9,1
710,71.0,1
711,71.1,1
712,71.2,1
713,71.3,1
714,71.4,0
715,71.5,0
716,71.60000000000001,0
717,71.69999999999999,0
718,71.8,0
719,71.9,0
720,72.0,0
721,72.10000000000001,0
722,72.2,0
723,72.3,0
724,72.39999999999999,0
725,72.5,0
726,72.60000000000001,0
727,72.7,0
728,72.8,0
729,72.89999999999999,0
730,73.0,0
731,73.10000000000001,0
732,73.2,0
733,73.30000000000001,0
734,73.39999999999999,0
735,73.5,0
736,73.6,0
737,73.7,0
738,73.80000000000001,0
739,73.89999999999999,0
740,74.0,0
741,74.1,0
742,74.2,0
743,74.3,0
744,74.4,0
745,74.5,0
746,74.6,0
747,74.7,0
748,74.8,0
749,74.9,0
750,75.0,0
751,75.1,0
752,75.2,0
753,75.3,0
754,75.4,0
755,75.5,0
756,75.6,0
757,75.7,0
758,75.8,0
759,75.9,0
760,76.0,0
761,76.10000000000001,0
762,76.19999999999999,0
763,76.3,0
764,76.4,0
765,76.5,0
766,76.60000000000001,0
767,76.69999999999999,0
768,76.8,0
769,76.9,0
770,77.0,0
771,77.10000000000001,0
772,77.2,0
773,77.3,0
774,77.39999999999999,0
775,77.5,0
776,77.60000000000001,0
777,77.7,0
778,77.8,0
779,77.89999999999999,0
780,78.0,0
781,78.1,0
782,78.2,0
783,78.30000000000001,0
784,78.39999999999999,0
785,78.5,0
786,78.6,0
787,78.7,0
788,78.80000000000001,0
789,78.89999999999999,0
790,79.0,0
791,79.1,0
792,79.2,0
793,79.3,0
794,79.4,1
795,79.5,1
796,79.6,1
797,79.7,1
798,79.8,1
799,79.9,1
800,80.0,1
801,80.1,1
802,80.2,1
803,80.3,1
804,80.4,1
805,80.5,1
806,80.6,1
807,80.7,1
808,80.8,1
809,80.9,1
810,81.0,1
811,81.10000000000001,1
812,81.19999999999999,1
813,81.3,1
814,81.4,1
815,81.5,1
816,81.60000000000001,1
817,81.69999999999999,1
818,81.8,1
819,81.89999999999999,1
820,82.0,1
821,82.10000000000001,1
822,82.2,1
823,82.3,1
824,82.39999999999999,1
825,82.5,1
826,82.60000000000001,1
827,82.7,1
828,82.8,1
829,82.89999999999999,1
830,83.0,1
831,83.1,1
832,83.2,1
833,83.30000000000001,1
834,83.39999999999999,1
835,83.5,1
836,83.6,1
837,83.7,1
838,83.8,1
839,83.9,1
840,84.0,1
841,84.1,1
842,84.2,1
843,84.3,1
844,84.4,1
845,84.5,1
846,84.6,1
847,84.7,1
848,84.8,1
849,84.9,1
850,85.0,1
851,85.1,1
852,85.2,1
853,85.3,1
854,85.4,1
855,85.5,1
856,85.6,1
857,85.7,1
858,85.8,1
859,85.9,1
860,86.0,1
861,86.10000000000001,1
862,86.19999999999999,1
863,86.3,1
864,86.4,1
865,86.5,1
866,86.60000000000001,1
867,86.7,1
868,86.8,1
869,86.89999999999999,1
870,87.0,1
871,87.10000000000001,1
872,87.2,1
873,87.3,1
874,87.39999999999999,0
875,87.5,0
876,87.60000000000001,0
877,87.7,0
878,87.80000000000001,0
879,87.89999999999999,0
880,88.0,0
881,88.1,0
882,88.2,0
883,88.30000000000001,0
884,88.39999999999999,0
885,88.5,0
886,88.6,0
887,88.7,0
888,88.8,0
889,88.9,0
890,89.0,0
891,89.1,0
892,89.2,0
893,89.3,0
894,89.4,0
895,89.5,0
896,89.6,0
897,89.7,0
898,89.8,0
899,89.9,0
900,90.0,0
901,90.1,0
902,90.2,0
903,90.3,0
904,90.4,0
905,90.5,0
906,90.60000000000001,0
907,90.69999999999999,0
908,90.8,0
909,90.9,0
910,91.0,0
911,91.10000000000001,0
912,91.19999999999999,0
913,91.3,0
914,91.4,1
915,91.5,1
916,91.60000000000001,1
917,91.7,1
918,91.8,1
919,91.89999999999999,1
920,92.0,1
921,92.10000000000001,1
922,92.2,1
923,92.3,1
924,92.39999999999999,1
925,92.5,1
926,92.6,1
927,92.7,1
928,92.80000000000001,1
929,92.89999999999999,1
930,93.0,1
931,93.1,1
932,93.2,1
933,93.30000000000001,1
934,93.39999999999999,1
935,93.5,1
936,93.6,1
937,93.7,1
938,93.8,1
939,93.9,1
940,94.0,1
941,94.1,1
942,94.2,1
943,94.3,1
944,94.4,1
945,94.5,1
946,94.6,1
947,94.7,1
948,94.8,1
949,94.9,1
950,95.0,1
951,95.1,1
952,95.2,1
953,95.3,1
954,95.4,0
955,95.5,0
956,95.60000000000001,0
957,95.69999999999999,0
958,95.8,0
959,95.9,0
960,96.0,0
961,96.10000000000001,0
962,96.19999999999999,0
963,96.3,0
964,96.4,1
965,96.5,1
966,96.60000000000001,1
967,96.7,1
968,96.8,1
969,96.89999999999999,1
970,97.0,1
971,97.10000000000001,1
972,97.2,1
973,97.3,1
974,97.39999999999999,0
975,97.5,0
976,97.6,0
977,97.7,0
978,97.80000000000001,0
979,97.89999999999999,0
980,98.0,0
981,98.1,0
982,98.2,0
983,98.3,0
984,98.4,1
985,98.5,1
986,98.6,1
987,98.7,1
988,98.8,1
989,98.9,1
990,99.0,1
991,99.1,1
992,99.2,1
993,99.3,1
994,99.4,0
995,99.5,0
996,99.6,0
997,99.7,0
998,99.8,0
999,99.9,0
1000,100.0,0
1001,100.1,0
1002,100.2,0
1003,100.3,0
1004,100.4,1
1005,100.5,1
1006,100.60000000000001,1
1007,100.69999999999999,1
1008,100.8,1
1009,100.9,1
1010,101.0,1
1011,101.10000000000001,1
1012,101.19999999999999,1
1013,101.3,1
1014,101.39999999999999,0
1015,101.5,0
1016,101.60000000000001,0
1017,101.7,0
1018,101.8,0
1019,101.89999999999999,0
1020,102.0,0
1021,102.10000000000001,0
1022,102.2,0
1023,102.30000000000001,0
1024,102.39999999999999,1
1025,102.5,1
1026,102.6,1
1027,102.7,1
1028,102.80000000000001,1
1029,102.89999999999999,1
1030,103.0,1
1031,103.1,1
1032,103.2,1
1033,103.3,1
1034,103.4,0
1035,103.5,0
1036,103.6,0
1037,103.7,0
1038,103.8,0
1039,103.9,0
1040,104.0,0
1041,104.1,0
1042,104.2,0
1043,104.3,0
1044,104.4,0
1045,104.5,0
1046,104.6,0
1047,104.7,0
1048,104.8,0
1049,104.9,0
1050,105.0,0
1051,105.1,0
1052,105.19999999999999,0
1053,105.3,0
1054,105.4,0
1055,105.5,0
1056,105.60000000000001,0
1057,105.69999999999999,0
1058,105.8,0
1059,105.9,0
1060,106.0,0
1061,106.10000000000001,0
1062,106.2,0
1063,106.3,0
1064,106.39999999999999,0
1065,106.5,0
1066,106.60000000000001,0
1067,106.7,0
1068,106.8,0
1069,106.89999999999999,0
1070,107.0,0
1071,107.1,0
1072,107.2,0
1073,107.30000000000001,0
1074,107.39999999999999,0
1075,107.5,0
1076,107.6,0
1077,107.7,0
1078,107.80000000000001,0
1079,107.89999999999999,0
1080,108.0,0
1081,108.1,0
1082,108.2,0
1083,108.3,0
1084,108.4,0
1085,108.5,0
1086,108.6,0
1087,108.7,0
1088,108.8,0
1089,108.9,0
1090,109.0,0
1091,109.1,0
1092,109.2,0
1093,109.3,0
1094,109.4,0
1095,109.5,0
1096,109.6,0
1097,109.7,0
1098,109.8,0
1099,109.9,0
1100,110.0,0
1101,110.10000000000001,0
1102,110.19999999999999,0
1103,110.3,0
1104,110.4,0
1105,110.5,0
1106,110.60000000000001,0
1107,110.69999999999999,0
1108,110.8,0
1109,110.9,0
1110,111.0,0
1111,111.10000000000001,0
1112,111.2,0
1113,111.3,0
1114,111.39999999999999,1
1115,111.5,1
1116,111.60000000000001,1
1117,111.7,1
1118,111.8,1
1119,111.89999999999999,1
1120,112.0,1
1121,112.1,1
1122,112.2,1
1123,112.30000000000001,1
1124,112.39999999999999,1
1125,112.5,1
1126,112.6,1
1127,112.7,1
1128,112.8,1
1129,112.9,1
1130,113.0,1
1131,113.1,1
1132,113.2,1
1133,113.3,1
1134,113.4,1
1135,113.5,1
1136,113.6,1
1137,113.7,1
1138,113.8,1
1139,113.9,1
1140,114.0,1
1141,114.1,1
1142,114.2,1
1143,114.3,1
1144,114.4,1
1145,114.5,1
1146,114.6,1
1147,114.7,1
1148,114.8,1
1149,114.9,1
1150,115.0,1
1151,115.10000000000001,1
1152,115.19999999999999,1
1153,115.3,1
1154,115.4,1
1155,115.5,1
1156,115.60000000000001,1
1157,115.69999999999999,1
1158,115.8,1
1159,115.89999999999999,1
1160,116.0,1
1161,116.10000000000001,1
1162,116.2,1
1163,116.3,1
1164,116.39999999999999,1
1165,116.5,1
1166,116.60000000000001,1
1167,116.7,1
1168,116.80000000000001,1
1169,116.89999999999999,1
1170,117.0,1
1171,117.1,1
1172,117.2,1
1173,117.30000000000001,1
1174,117.39999999999999,1
1175,117.5,1
1176,117.6,1
1177,117.7,1
1178,117.8,1
1179,117.9,1
1180,118.0,1
1181,118.1,1
1182,118.2,1
1183,118.3,1
1184,118.4,1
1185,118.5,1
1186,118.6,1
1187,118.7,1
1188,118.8,1
1189,118.9,1
1190,119.0,1
1191,119.1,1
1192,119.2,1
1193,119.3,1
1194,119.4,0
1195,119.5,0
1196,119.6,0
1197,119.7,0
1198,119.8,0
1199,119.9,0
1200,120.0,0
1201,120.10000000000001,0
1202,120.19999999999999,0
1203,120.3,0
1204,120.4,0
1205,120.5,0
1206,120.60000000000001,0
1207,120.7,0
1208,120.8,0
1209,120.89999999999999,0
1210,121.0,0
1211,121.10000000000001,0
1212,121.2,0
1213,121.3,0
1214,121.39999999999999,0
1215,121.5,0
1216,121.6,0
1217,121.7,0
1218,121.80000000000001,0
1219,121.89999999999999,0
1220,122.0,0
1221,122.10000000000001,0
1222,122.19999999999999,0
1223,122.3,0
1224,122.39999999999999,0
1225,122.5,0
1226,122.6,0
1227,122.7,0
1228,122.8,0
1229,122.9,0
1230,123.00000000000001,0
1231,123.10000000000001,0
1232,123.20000000000002,0
1233,123.29999999999998,0
1234,123.39999999999999,1
1235,123.5,1
1236,123.6,1
1237,123.7,1
1238,123.8,1
1239,123.9,1
1240,124.0,1
1241,124.10000000000001,1
1242,124.20000000000002,1
1243,124.30000000000001,1
1244,124.39999999999999,1
1245,124.49999999999999,1
1246,124.6,1
1247,124.69999999999999,1
1248,124.8,1
1249,124.9,1
1250,125.0,1
1251,125.10000000000001,1
1252,125.2,1
1253,125.30000000000001,1
1254,125.4,1
1255,125.49999999999999,1
1256,125.6,1
1257,125.69999999999999,1
1258,125.8,1
1259,125.89999999999999,1
1260,126.0,1
1261,126.10000000000001,1
1262,126.2,1
1263,126.30000000000001,1
1264,126.4,1
1265,126.50000000000001,1
1266,126.6,1
1267,126.69999999999999,1
1268,126.8,1
1269,126.89999999999999,1
1270,127.0,1
1271,127.1,1
1272,127.2,1
1273,127.30000000000001,1
1274,127.4,0
1275,127.50000000000001,0
1276,127.60000000000001,0
1277,127.69999999999999,0
1278,127.79999999999998,0
1279,127.89999999999999,0
1280,128.0,0
1281,128.1,0
1282,128.2,0
1283,128.3,0
1284,128.4,1
1285,128.5,1
1286,128.60000000000002,1
1287,128.70000000000002,1
1288,128.79999999999998,1
1289,128.89999999999998,1
1290,129.0,1
1291,129.1,1
1292,129.2,1
1293,129.3,1
1294,129.4,0
1295,129.5,0
1296,129.6,0
1297,129.70000000000002,0
1298,129.8,0
1299,129.9,0
1300,130.0,0
1301,130.1,0
1302,130.2,0
1303,130.29999999999998,0
1304,130.4,1
1305,130.5,1
1306,130.6,1
1307,130.70000000000002,1
1308,130.8,1
1309,130.9,1
1310,131.0,1
1311,131.1,1
1312,131.2,1
1313,131.29999999999998,1
1314,131.4,0
1315,131.5,0
1316,131.6,0
1317,131.7,0
1318,131.8,0
1319,131.9,0
1320,132.0,0
1321,132.10000000000002,0
1322,132.2,0
1323,132.29999999999998,0
1324,132.4,1
1325,132.5,1
1326,132.6,1
1327,132.7,1
1328,132.8,1
1329,132.9,1
1330,133.0,1
1331,133.10000000000002,1
1332,133.20000000000002,1
1333,133.29999999999998,1
1334,133.39999999999998,0
1335,133.5,0
1336,133.6,0
1337,133.7,0
1338,133.8,0
1339,133.9,0
1340,134.0,0
1341,134.1,0
1342,134.20000000000002,0
1343,134.3,0
1344,134.39999999999998,1
1345,134.5,1
1346,134.6,1
1347,134.7,1
1348,134.79999999999998,1
1349,134.9,1
1350,135.0,1
1351,135.1,1
1352,135.20000000000002,1
1353,135.3,1
1354,135.4,0
1355,135.5,0
1356,135.6,0
1357,135.7,0
1358,135.79999999999998,0
1359,135.9,0
1360,136.0,0
1361,136.1,0
1362,136.20000000000002,0
1363,136.3,0
1364,136.4,0
1365,136.5,0
1366,136.60000000000002,0
1367,136.7,0
1368,136.79999999999998,0
1369,136.9,0
1370,137.0,0
1371,137.1,0
1372,137.2,0
1373,137.3,0
1374,137.4,0
1375,137.5,0
1376,137.60000000000002,0
1377,137.70000000000002,0
1378,137.79999999999998,0
1379,137.89999999999998,0
1380,138.0,0
1381,138.1,0
1382,138.2,0
1383,138.3,0
1384,138.4,0
1385,138.5,0
1386,138.6,0
1387,138.70000000000002,0
1388,138.8,0
1389,138.89999999999998,0
1390,139.0,0
1391,139.1,0
1392,139.2,0
1393,139.3,0
1394,139.4,0
1395,139.5,0
1396,139.6,0
1397,139.70000000000002,0
1398,139.8,0
1399,139.9,0
1400,140.0,0
1401,140.1,0
1402,140.2,0
1403,140.29999999999998,0
1404,140.4,0
1405,140.5,0
1406,140.6,0
1407,140.70000000000002,0
1408,140.8,0
1409,140.9,0
1410,141.0,0
1411,141.1,0
1412,141.2,0
1413,141.29999999999998,0
1414,141.4,0
1415,141.5,0
1416,141.6,0
1417,141.7,0
1418,141.8,0
1419,141.9,0
1420,142.0,0
1421,142.10000000000002,0
1422,142.2,0
1423,142.29999999999998,0
1424,142.4,0
1425,142.5,0
1426,142.6,0
1427,142.7,0
1428,142.8,0
1429,142.9,0
1430,143.0,0
1431,143.10000000000002,0
1432,143.20000000000002,0
1433,143.29999999999998,0
1434,143.39999999999998,1
1435,143.5,1
1436,143.6,1
1437,143.7,1
1438,143.8,1
1439,143.9,1
1440,144.0,1
1441,144.1,1
1442,144.20000000000002,1
1443,144.3,1
1444,144.4,1
1445,144.5,1
1446,144.6,1
1447,144.7,1
1448,144.79999999999998,1
1449,144.9,1
1450,145.0,1
1451,145.1,1
1452,145.20000000000002,1
1453,145.3,1
1454,145.4,1
1455,145.5,1
1456,145.6,1
1457,145.7,1
1458,145.79999999999998,1
1459,145.9,1
1460,146.0,1
1461,146.1,1
1462,146.20000000000002,1
1463,146.3,1
1464,146.4,1
1465,146.5,1
1466,146.60000000000002,1
1467,146.7,1
1468,146.79999999999998,1
1469,146.9,1
1470,147.0,1
1471,147.1,1
1472,147.2,1
1473,147.3,1
1474,147.4,1
1475,147.5,1
1476,147.60000000000002,1
1477,147.70000000000002,1
1478,147.79999999999998,1
1479,147.89999999999998,1
1480,148.0,1
1481,148.1,1
1482,148.2,1
1483,148.3,1
1484,148.4,1
1485,148.5,1
1486,148.6,1
1487,148.70000000000002,1
1488,148.8,1
1489,148.89999999999998,1
1490,149.0,1
1491,149.1,1
1492,149.2,1
1493,149.29999999999998,1
1494,149.4,1
1495,149.5,1
1496,149.6,1
1497,149.70000000000002,1
1498,149.8,1
1499,149.9,1
1500,150.0,1
1501,150.1,1
1502,150.2,1
1503,150.29999999999998,1
1504,150.4,1
1505,150.5,1
1506,150.6,1
1507,150.70000000000002,1
1508,150.8,1
1509,150.9,1
1510,151.0,1
1511,151.1,1
1512,151.2,1
1513,151.29999999999998,1
1514,151.4,0
1515,151.5,0
1516,151.6,0
1517,151.7,0
1518,151.8,0
1519,151.9,0
1520,152.0,0
1521,152.10000000000002,0
1522,152.20000000000002,0
1523,152.29999999999998,0
1524,152.39999999999998,0
1525,152.5,0
1526,152.6,0
1527,152.7,0
1528,152.8,0
1529,152.9,0
1530,153.0,0
1531,153.1,0
1532,153.20000000000002,0
1533,153.3,0
1534,153.39999999999998,0
1535,153.5,0
1536,153.6,0
1537,153.7,0
1538,153.8,0
1539,153.9,0
1540,154.0,0
1541,154.1,0
1542,154.20000000000002,0
1543,154.3,0
1544,154.4,0
1545,154.5,0
1546,154.6,0
1547,154.7,0
1548,154.79999999999998,0
1549,154.9,0
1550,155.0,0
1551,155.1,0
1552,155.20000000000002,0
1553,155.3,0
1554,155.4,1
1555,155.5,1
1556,155.6,1
1557,155.7,1
1558,155.79999999999998,1
1559,155.9,1
1560,156.0,1
1561,156.1,1
1562,156.2,1
1563,156.3,1
1564,156.4,1
1565,156.5,1
1566,156.60000000000002,1
1567,156.7,1
1568,156.79999999999998,1
1569,156.9,1
1570,157.0,1
1571,157.1,1
1572,157.2,1
1573,157.3,1
1574,157.4,1
1575,157.5,1
1576,157.60000000000002,1
1577,157.70000000000002,1
1578,157.79999999999998,1
1579,157.89999999999998,1
1580,158.0,1
1581,158.1,1
1582,158.2,1
1583,158.3,1
1584,158.4,1
1585,158.5,1
1586,158.6,1
1587,158.70000000000002,1
1588,158.8,1
1589,158.9,1
1590,159.0,1
1591,159.1,1
1592,159.2,1
1593,159.29999999999998,1
1594,159.4,0
1595,159.5,0
1596,159.6,0
1597,159.70000000000002,0
1598,159.8,0
1599,159.9,0
1600,160.0,0
1601,160.1,0
1602,160.2,0
1603,160.29999999999998,0
1604,160.4,1
1605,160.5,1
1606,160.6,1
1607,160.70000000000002,1
1608,160.8,1
1609,160.9,1
1610,161.0,1
1611,161.10000000000002,1
1612,161.2,1
1613,161.29999999999998,1
1614,161.4,0
1615,161.5,0
1616,161.6,0
1617,161.7,0
1618,161.8,0
1619,161.9,0
1620,162.0,0
1621,162.10000000000002,0
1622,162.20000000000002,0
1623,162.29999999999998,0
1624,162.39999999999998,1
1625,162.5,1
1626,162.6,1
1627,162.7,1
1628,162.8,1
1629,162.9,1
1630,163.0,1
1631,163.1,1
1632,163.20000000000002,1
1633,163.3,1
1634,163.39999999999998,0
1635,163.5,0
1636,163.6,0
1637,163.7,0
1638,163.79999999999998,0
1639,163.9,0
1640,164.0,0
1641,164.1,0
1642,164.20000000000002,0
1643,164.3,0
1644,164.4,1
1645,164.5,1
1646,164.6,1
1647,164.7,1
1648,164.79999999999998,1
1649,164.9,1
1650,165.0,1
1651,165.1,1
1652,165.20000000000002,1
1653,165.3,1
1654,165.4,0
1655,165.5,0
1656,165.6,0
1657,165.7,0
1658,165.79999999999998,0
1659,165.9,0
1660,166.0,0
1661,166.1,0
1662,166.2,0
1663,166.3,0
1664,166.4,1
1665,166.5,1
1666,166.60000000000002,1
1667,166.70000000000002,1
1668,166.79999999999998,1
1669,166.89999999999998,1
1670,167.0,1
1671,167.1,1
1672,167.2,1
1673,167.3,1
1674,167.4,0
1675,167.5,0
1676,167.6,0
1677,167.70000000000002,0
1678,167.8,0
1679,167.89999999999998,0
1680,168.0,0
1681,168.1,0
1682,168.2,0
1683,168.3,0
1684,168.4,0
1685,168.5,0
1686,168.6,0
1687,168.70000000000002,0
1688,168.8,0
1689,168.9,0
1690,169.0,0
1691,169.1,0
1692,169.2,0
1693,169.29999999999998,0
1694,169.4,0
1695,169.5,0
1696,169.6,0
1697,169.70000000000002,0
1698,169.8,0
1699,169.9,0
1700,170.0,0
1701,170.1,0
1702,170.2,0
1703,170.29999999999998,0
1704,170.4,0
1705,170.5,0
1706,170.6,0
1707,170.7,0
1708,170.8,0
1709,170.9,0
1710,171.0,0
1711,171.10000000000002,0
1712,171.2,0
1713,171.29999999999998,0
1714,171.4,0
1715,171.5,0
1716,171.6,0
1717,171.7,0
1718,171.8,0
1719,171.9,0
1720,172.0,0
1721,172.10000000000002,0
1722,172.20000000000002,0
1723,172.29999999999998,0
1724,172.39999999999998,0
1725,172.5,0
1726,172.6,0
1727,172.7,0
1728,172.8,0
1729,172.9,0
1730,173.0,0
1731,173.1,0
1732,173.20000000000002,0
1733,173.3,0
1734,173.4,0
1735,173.5,0
1736,173.6,0
1737,173.7,0
1738,173.79999999999998,0
1739,173.9,0
1740,174.0,0
1741,174.1,0
1742,174.20000000000002,0
1743,174.3,0
1744,174.4,0
1745,174.5,0
1746,174.6,0
1747,174.7,0
1748,174.79999999999998,0
1749,174.9,0
1750,175.0,0
1751,175.1,0
1752,175.20000000000002,0
1753,175.3,0
1754,175.4,1
1755,175.5,1
1756,175.60000000000002,1
1757,175.7,1
1758,175.79999999999998,1
1759,175.9,1
1760,176.0,1
1761,176.1,1
1762,176.2,1
1763,176.3,1
1764,176.4,1
1765,176.5,1
1766,176.60000000000002,1
1767,176.70000000000002,1
1768,176.79999999999998,1
1769,176.89999999999998,1
1770,177.0,1
1771,177.1,1
1772,177.2,1
1773,177.3,1
1774,177.4,1
1775,177.5,1
1776,177.6,1
1777,177.70000000000002,1
1778,177.8,1
1779,177.89999999999998,1
1780,178.0,1
1781,178.1,1
1782,178.2,1
1783,178.29999999999998,1
1784,178.4,1
1785,178.5,1
1786,178.6,1
1787,178.70000000000002,1
1788,178.8,1
1789,178.9,1
1790,179.0,1
1791,179.1,1
1792,179.2,1
1793,179.29999999999998,1
1794,179.4,1
1795,179.5,1
1796,179.6,1
1797,179.70000000000002,1
1798,179.8,1
1799,179.9,1
1800,180.0,1
1801,180.1,1
1802,180.2,1
1803,180.29999999999998,1
1804,180.4,1
1805,180.5,1
1806,180.6,1
1807,180.7,1
1808,180.8,1
1809,180.9,1
1810,181.0,1
1811,181.10000000000002,1
1812,181.20000000000002,1
1813,181.29999999999998,1
1814,181.39999999999998,1
1815,181.5,1
1816,181.6,1
1817,181.7,1
1818,181.8,1
1819,181.9,1
1820,182.0,1
1821,182.1,1
1822,182.20000000000002,1
1823,182.3,1
1824,182.39999999999998,1
1825,182.5,1
1826,182.6,1
1827,182.7,1
1828,182.8,1
1829,182.9,1
1830,183.0,1
1831,183.1,1
1832,183.20000000000002,1
1833,183.3,1
1834,183.4,0
1835,183.5,0
1836,183.6,0
1837,183.7,0
1838,183.79999999999998,0
1839,183.9,0
1840,184.0,0
1841,184.1,0
1842,184.20000000000002,0
1843,184.3,0
1844,184.4,0
1845,184.5,0
1846,184.6,0
1847,184.7,0
1848,184.79999999999998,0
1849,184.9,0
1850,185.0,0
1851,185.1,0
1852,185.2,0
1853,185.3,0
1854,185.4,0
1855,185.5,0
1856,185.60000000000002,0
1857,185.7,0
1858,185.79999999999998,0
1859,185.9,0
1860,186.0,0
1861,186.1,0
1862,186.2,0
1863,186.3,0
1864,186.4,0
1865,186.5,0
1866,186.60000000000002,0
1867,186.70000000000002,0
1868,186.79999999999998,0
1869,186.89999999999998,0
1870,187.0,0
1871,187.1,0
1872,187.2,0
1873,187.3,0
1874,187.4,1
1875,187.5,1
1876,187.6,1
1877,187.70000000000002,1
1878,187.8,1
1879,187.89999999999998,1
1880,188.0,1
1881,188.1,1
1882,188.2,1
1883,188.29999999999998,1
1884,188.4,1
1885,188.5,1
1886,188.6,1
1887,188.70000000000002,1
1888,188.8,1
1889,188.9,1
1890,189.0,1
1891,189.1,1
1892,189.2,1
1893,189.29999999999998,1
1894,189.4,1
1895,189.5,1
1896,189.6,1
1897,189.70000000000002,1
1898,189.8,1
1899,189.9,1
1900,190.0,1
1901,190.10000000000002,1
1902,190.2,1
1903,190.29999999999998,1
1904,190.4,1
1905,190.5,1
1906,190.6,1
1907,190.7,1
1908,190.8,1
1909,190.9,1
1910,191.0,1
1911,191.10000000000002,1
1912,191.20000000000002,1
1913,191.29999999999998,1
1914,191.39999999999998,0
1915,191.5,0
1916,191.6,0
1917,191.7,0
1918,191.8,0
1919,191.9,0
1920,192.0,0
1921,192.1,0
1922,192.20000000000002,0
1923,192.3,0
1924,192.39999999999998,1
1925,192.5,1
1926,192.6,1
1927,192.7,1
1928,192.8,1
1929,192.9,1
1930,193.0,1
1931,193.1,1
1932,193.20000000000002,1
1933,193.3,1
1934,193.4,0
1935,193.5,0
1936,193.6,0
1937,193.7,0
1938,193.79999999999998,0
1939,193.9,0
1940,194.0,0
1941,194.1,0
1942,194.20000000000002,0
1943,194.3,0
1944,194.4,1
1945,194.5,1
1946,194.6,1
1947,194.7,1
1948,194.79999999999998,1
1949,194.9,1
1950,195.0,1
1951,195.1,1
1952,195.2,1
1953,195.3,1
1954,195.4,0
1955,195.5,0
1956,195.60000000000002,0
1957,195.70000000000002,0
1958,195.79999999999998,0
1959,195.89999999999998,0
1960,196.0,0
1961,196.1,0
1962,196.2,0
1963,196.3,0
1964,196.4,1
1965,196.5,1
1966,196.6,1
1967,196.70000000000002,1
1968,196.8,1
1969,196.89999999999998,1
1970,197.0,1
1971,197.1,1
1972,197.2,1
1973,197.3,1
1974,197.4,0
1975,197.5,0
1976,197.6,0
1977,197.70000000000002,0
1978,197.8,0
1979,197.9,0
1980,198.0,0
1981,198.1,0
1982,198.2,0
1983,198.29999999999998,0
1984,198.4,1
1985,198.5,1
1986,198.6,1
1987,198.70000000000002,1
1988,198.8,1
1989,198.9,1
1990,199.0,1
1991,199.1,1
1992,199.2,1
1993,199.29999999999998,1
1994,199.4,0
1995,199.5,0
1996,199.6,0
1997,199.7,0
1998,199.8,0
1999,199.9,0
2000,200.0,0
2001,200.10000000000002,0
2002,200.2,0
2003,200.29999999999998,0
2004,200.4,0
2005,200.5,0
2006,200.6,0
2007,200.7,0
2008,200.8,0
2009,200.9,0
2010,201.0,0
2011,201.10000000000002,0
2012,201.20000000000002,0
2013,201.29999999999998,0
2014,201.39999999999998,0
2015,201.5,0
2016,201.6,0
2017,201.7,0
2018,201.8,0
2019,201.9,0
2020,202.0,0
2021,202.1,0
2022,202.20000000000002,0
2023,202.3,0
2024,202.39999999999998,0
2025,202.5,0
2026,202.6,0
2027,202.7,0
2028,202.79999999999998,0
2029,202.9,0
2030,203.0,0
2031,203.1,0
2032,203.20000000000002,0
2033,203.3,0
2034,203.4,0
2035,203.5,0
2036,203.6,0
2037,203.7,0
2038,203.79999999999998,0
2039,203.9,0
2040,204.0,0
2041,204.1,0
2042,204.20000000000002,0
2043,204.3,0
2044,204.4,0
2045,204.5,0
2046,204.60000000000002,0
2047,204.7,0
2048,204.79999999999998,0
2049,204.9,0
2050,205.0,0
2051,205.1,0
2052,205.2,0
2053,205.3,0
2054,205.4,0
2055,205.5,0
2056,205.60000000000002,0
2057,205.70000000000002,0
2058,205.79999999999998,0
2059,205.89999999999998,0
2060,206.0,0
2061,206.1,0
2062,206.2,0
2063,206.3,0
2064,206.4,0
2065,206.5,0
2066,206.6,0
2067,206.70000000000002,0
2068,206.8,0
2069,206.89999999999998,0
2070,207.0,0
2071,207.1,0
2072,207.2,0
2073,207.3,0
2074,207.4,1
2075,207.5,1
2076,207.6,1
2077,207.70000000000002,1
2078,207.8,1
2079,207.9,1
2080,208.0,1
2081,208.1,1
2082,208.2,1
2083,208.29999999999998,1
2084,208.4,1
2085,208.5,1
2086,208.6,1
2087,208.70000000000002,1
2088,208.8,1
2089,208.9,1
2090,209.0,1
2091,209.1,1
2092,209.2,1
2093,209.29999999999998,1
2094,209.4,1
2095,209.5,1
2096,209.6,1
2097,209.7,1
2098,209.8,1
2099,209.9,1
2100,210.0,1
2101,210.10000000000002,1
2102,210.2,1
2103,210.29999999999998,1
2104,210.39999999999998,1
2105,210.5,1
2106,210.6,1
2107,210.7,1
2108,210.8,1
2109,210.9,1
2110,211.0,1
2111,211.1,1
2112,211.20000000000002,1
2113,211.3,1
2114,211.39999999999998,1
2115,211.5,1
2116,211.6,1
2117,211.7,1
2118,211.8,1
2119,211.9,1
2120,212.0,1
2121,212.1,1
2122,212.20000000000002,1
2123,212.3,1
2124,212.4,1
2125,212.5,1
2126,212.6,1
2127,212.7,1
2128,212.79999999999998,1
2129,212.9,1
2130,213.0,1
2131,213.1,1
2132,213.20000000000002,1
2133,213.3,1
2134,213.4,1
2135,213.5,1
2136,213.6,1
2137,213.7,1
2138,213.79999999999998,1
2139,213.9,1
2140,214.0,1
2141,214.1,1
2142,214.2,1
2143,214.3,1
2144,214.4,1
2145,214.5,1
2146,214.60000000000002,1
2147,214.7,1
2148,214.79999999999998,1
2149,214.9,1
2150,215.0,1
2151,215.1,1
2152,215.2,1
2153,215.3,1
2154,215.4,0
2155,215.5,0
2156,215.60000000000002,0
2157,215.70000000000002,0
2158,215.79999999999998,0
2159,215.89999999999998,0
2160,216.0,0
2161,216.1,0
2162,216.2,0
2163,216.3,0
2164,216.4,0
2165,216.5,0
2166,216.6,0
2167,216.70000000000002,0
2168,216.8,0
2169,216.89999999999998,0
2170,217.0,0
2171,217.1,0
2172,217.2,0
2173,217.29999999999998,0
2174,217.4,0
2175,217.5,0
2176,217.6,0
2177,217.70000000000002,0
2178,217.8,0
2179,217.9,0
2180,218.0,0
2181,218.1,0
2182,218.2,0
2183,218.29999999999998,0
2184,218.4,0
2185,218.5,0
2186,218.6,0
2187,218.70000000000002,0
2188,218.8,0
2189,218.9,0
2190,219.0,0
2191,219.10000000000002,0
2192,219.2,0
2193,219.29999999999998,0
2194,219.4,1
2195,219.5,1
2196,219.6,1
2197,219.7,1
2198,219.8,1
2199,219.9,1
2200,220.0,1
2201,220.10000000000002,1
2202,220.20000000000002,1
2203,220.29999999999998,1
2204,220.39999999999998,1
2205,220.5,1
2206,220.6,1
2207,220.7,1
2208,220.8,1
2209,220.9,1
2210,221.0,1
2211,221.1,1
2212,221.20000000000002,1
2213,221.3,1
2214,221.39999999999998,1
2215,221.5,1
2216,221.6,1
2217,221.7,1
2218,221.8,1
2219,221.9,1
2220,222.0,1
2221,222.1,1
2222,222.20000000000002,1
2223,222.3,1
2224,222.4,1
2225,222.5,1
2226,222.6,1
2227,222.7,1
2228,222.79999999999998,1
2229,222.9,1
2230,223.0,1
2231,223.1,1
2232,223.20000000000002,1
2233,223.3,1
2234,223.4,0
2235,223.5,0
2236,223.6,0
2237,223.7,0
2238,223.79999999999998,0
2239,223.9,0
2240,224.0,0
2241,224.1,0
2242,224.2,0
2243,224.3,0
2244,224.4,1
2245,224.5,1
2246,224.60000000000002,1
2247,224.7,1
2248,224.79999999999998,1
2249,224.89999999999998,1
2250,225.0,1
2251,225.1,1
2252,225.2,1
2253,225.3,1
2254,225.4,0
2255,225.5,0
2256,225.6,0
2257,225.70000000000002,0
2258,225.8,0
2259,225.89999999999998,0
2260,226.0,0
2261,226.1,0
2262,226.2,0
2263,226.3,0
2264,226.4,1
2265,226.5,1
2266,226.6,1
2267,226.70000000000002,1
2268,226.8,1
2269,226.9,1
2270,227.0,1
2271,227.1,1
2272,227.2,1
2273,227.29999999999998,1
2274,227.4,0
2275,227.5,0
2276,227.6,0
2277,227.70000000000002,0
2278,227.8,0
2279,227.9,0
2280,228.0,0
2281,228.1,0
2282,228.2,0
2283,228.29999999999998,0
2284,228.4,1
2285,228.5,1
2286,228.6,1
2287,228.7,1
2288,228.8,1
2289,228.9,1
2290,229.0,1
2291,229.10000000000002,1
2292,229.2,1
2293,229.29999999999998,1
2294,229.4,0
2295,229.5,0
2296,229.6,0
2297,229.7,0
2298,229.8,0
2299,229.9,0
2300,230.0,0
2301,230.10000000000002,0
2302,230.20000000000002,0
2303,230.29999999999998,0
2304,230.39999999999998,1
2305,230.5,1
2306,230.6,1
2307,230.7,1
2308,230.8,1
2309,230.9,1
2310,231.0,1
2311,231.1,1
2312,231.20000000000002,1
2313,231.3,1
2314,231.39999999999998,0
2315,231.5,0
2316,231.6,0
2317,231.7,0
2318,231.79999999999998,0
2319,231.9,0
2320,232.0,0
2321,232.1,0
2322,232.20000000000002,0
2323,232.3,0
2324,232.4,0
2325,232.5,0
2326,232.6,0
2327,232.7,0
2328,232.79999999999998,0
2329,232.9,0
2330,233.0,0
2331,233.1,0
2332,233.20000000000002,0
2333,233.3,0
2334,233.4,0
2335,233.5,0
2336,233.60000000000002,0
2337,233.7,0
2338,233.79999999999998,0
2339,233.9,0
2340,234.0,0
2341,234.1,0
2342,234.2,0
2343,234.3,0
2344,234.4,0
2345,234.5,0
2346,234.60000000000002,0
2347,234.70000000000002,0
2348,234.79999999999998,0
2349,234.89999999999998,0
2350,235.0,0
2351,235.1,0
2352,235.2,0
2353,235.3,0
2354,235.4,0
2355,235.5,0
2356,235.6,0
2357,235.70000000000002,0
2358,235.8,0
2359,235.89999999999998,0
2360,236.0,0
2361,236.1,0
2362,236.2,0
2363,236.3,0
2364,236.4,0
2365,236.5,0
2366,236.6,0
2367,236.70000000000002,0
2368,236.8,0
2369,236.9,0
2370,237.0,0
2371,237.1,0
2372,237.2,0
2373,237.29999999999998,0
2374,237.4,0
2375,237.5,0
2376,237.6,0
2377,237.70000000000002,0
2378,237.8,0
2379,237.9,0
2380,238.0,0
2381,238.1,0
2382,238.2,0
2383,238.29999999999998,0
2384,238.4,0
2385,238.5,0
2386,238.6,0
2387,238.7,0
2388,238.8,0
2389,238.9,0
2390,239.0,0
2391,239.10000000000002,0
2392,239.2,0
2393,239.29999999999998,0
2394,239.4,1
2395,239.5,1
2396,239.6,1
2397,239.7,1
2398,239.8,1
2399,239.9,1
2400,240.0,1
2401,240.1,1
2402,240.20000000000002,1
2403,240.3,1
2404,240.39999999999998,1
2405,240.5,1
2406,240.6,1
2407,240.7,1
2408,240.8,1
2409,240.9,1
2410,241.0,1
2411,241.1,1
2412,241.20000000000002,1
2413,241.3,1
2414,241.4,1
2415,241.5,1
2416,241.6,1
2417,241.7,1
2418,241.79999999999998,1
2419,241.9,1
2420,242.0,1
2421,242.1,1
2422,242.20000000000002,1
2423,242.3,1
2424,242.4,1
2425,242.5,1
2426,242.6,1
2427,242.7,1
2428,242.79999999999998,1
2429,242.9,1
2430,243.0,1
2431,243.1,1
2432,243.2,1
2433,243.3,1
2434,243.4,1
2435,243.5,1
2436,243.60000000000002,1
2437,243.7,1
2438,243.79999999999998,1
2439,243.9,1
2440,244.0,1
2441,244.1,1
2442,244.20000000000002,1
2443,244.29999999999998,1
2444,244.39999999999998,1
2445,244.49999999999997,1
2446,244.6,1
2447,244.7,1
2448,244.79999999999998,1
2449,244.89999999999998,1
2450,245.0,1
2451,245.1,1
2452,245.2,1
2453,245.3,1
2454,245.4,1
2455,245.5,1
2456,245.6,1
2457,245.70000000000002,1
2458,245.8,1
2459,245.9,1
2460,246.00000000000003,1
2461,246.10000000000002,1
2462,246.20000000000002,1
2463,246.3,1
2464,246.40000000000003,1
2465,246.49999999999997,1
2466,246.59999999999997,1
2467,246.7,1
2468,246.79999999999998,1
2469,246.89999999999998,1
2470,247.0,1
2471,247.1,1
2472,247.2,1
2473,247.29999999999998,1
2474,247.4,0
2475,247.5,0
2476,247.6,0
2477,247.70000000000002,0
2478,247.8,0
2479,247.9,0
2480,248.0,0
2481,248.10000000000002,0
2482,248.20000000000002,0
2483,248.3,0
2484,248.40000000000003,0
2485,248.50000000000003,0
2486,248.60000000000002,0
2487,248.69999999999996,0
2488,248.79999999999998,0
2489,248.89999999999998,0
2490,248.99999999999997,0
2491,249.1,0
2492,249.2,0
2493,249.29999999999998,0
2494,249.39999999999998,0
2495,249.5,0
2496,249.6,0
2497,249.7,0
2498,249.8,0
2499,249.9,0
2500,250.0,0
2501,250.1,0
2502,250.20000000000002,0
2503,250.3,0
2504,250.4,0
2505,250.50000000000003,0
2506,250.60000000000002,0
2507,250.70000000000002,0
2508,250.8,0
2509,250.90000000000003,0
2510,250.99999999999997,0
2511,251.09999999999997,0
2512,251.2,0
2513,251.29999999999998,0
2514,251.39999999999998,1
2515,251.5,1
2516,251.6,1
2517,251.7,1
2518,251.79999999999998,1
2519,251.9,1
2520,252.0,1
2521,252.1,1
2522,252.20000000000002,1
2523,252.3,1
2524,252.4,1
2525,252.5,1
2526,252.60000000000002,1
2527,252.70000000000002,1
2528,252.8,1
2529,252.90000000000003,1
2530,253.00000000000003,1
2531,253.10000000000002,1
2532,253.2,1
2533,253.29999999999998,1
2534,253.39999999999998,1
2535,253.49999999999997,1
2536,253.6,1
2537,253.7,1
2538,253.79999999999998,1
2539,253.9,1
2540,254.0,1
2541,254.1,1
2542,254.2,1
2543,254.3,1
2544,254.4,1
2545,254.5,1
2546,254.60000000000002,1
2547,254.70000000000002,1
2548,254.8,1
2549,254.9,1
2550,255.00000000000003,1
2551,255.10000000000002,1
2552,255.20000000000002,1
2553,255.30000000000004,1
2554,255.39999999999998,0
2555,255.49999999999997,0
2556,255.59999999999997,0
2557,255.7,0
2558,255.79999999999998,0
2559,255.89999999999998,0
2560,256.0,0
2561,256.09999999999997,0
2562,256.2,0
2563,256.3,0
2564,256.4,1
2565,256.5,1
2566,256.6,1
2567,256.7,1
2568,256.8,1
2569,256.90000000000003,1
2570,257.0,1
2571,257.1,1
2572,257.20000000000005,1
2573,257.3,1
2574,257.40000000000003,0
2575,257.5,0
2576,257.59999999999997,0
2577,257.7,0
2578,257.79999999999995,0
2579,257.9,0
2580,258.0,0
2581,258.09999999999997,0
2582,258.2,0
2583,258.3,0
2584,258.4,1
2585,258.5,1
2586,258.6,1
2587,258.7,1
2588,258.8,1
2589,258.9,1
2590,259.0,1
2591,259.1,1
2592,259.2,1
2593,259.3,1
2594,259.40000000000003,0
2595,259.5,0
2596,259.6,0
2597,259.70000000000005,0
2598,259.8,0
2599,259.9,0
2600,260.0,0
2601,260.09999999999997,0
2602,260.2,0
2603,260.3,0
2604,260.4,1
2605,260.5,1
2606,260.59999999999997,1
2607,260.7,1
2608,260.8,1
2609,260.9,1
2610,261.0,1
2611,261.1,1
2612,261.2,1
2613,261.3,1
2614,261.40000000000003,0
2615,261.5,0
2616,261.6,0
2617,261.70000000000005,0
2618,261.8,0
2619,261.90000000000003,0
2620,262.0,0
2621,262.09999999999997,0
2622,262.2,0
2623,262.29999999999995,0
2624,262.4,1
2625,262.5,1
2626,262.59999999999997,1
2627,262.7,1
2628,262.8,1
2629,262.9,1
2630,263.0,1
2631,263.1,1
2632,263.2,1
2633,263.3,1
2634,263.4,0
2635,263.5,0
2636,263.6,0
2637,263.7,0
2638,263.8,0
2639,263.90000000000003,0
2640,264.0,0
2641,264.1,0
2642,264.20000000000005,0
2643,264.29999999999995,0
2644,264.4,0
2645,264.5,0
2646,264.59999999999997,0
2647,264.7,0
2648,264.8,0
2649,264.9,0
2650,265.0,0
2651,265.09999999999997,0
2652,265.2,0
2653,265.3,0
2654,265.4,0
2655,265.5,0
2656,265.6,0
2657,265.7,0
2658,265.8,0
2659,265.90000000000003,0
2660,266.0,0
2661,266.1,0
2662,266.20000000000005,0
2663,266.3,0
2664,266.40000000000003,0
2665,266.5,0
2666,266.59999999999997,0
2667,266.7,0
2668,266.79999999999995,0
2669,266.9,0
2670,267.0,0
2671,267.09999999999997,0
2672,267.2,0
2673,267.3,0
2674,267.4,0
2675,267.5,0
2676,267.6,0
2677,267.7,0
2678,267.8,0
2679,267.90000000000003,0
2680,268.0,0
2681,268.1,0
2682,268.2,0
2683,268.3,0
2684,268.40000000000003,0
2685,268.5,0
2686,268.6,0
2687,268.70000000000005,0
2688,268.79999999999995,0
2689,268.9,0
2690,269.0,0
2691,269.09999999999997,0
2692,269.2,0
2693,269.3,0
2694,269.4,0
2695,269.5,0
2696,269.59999999999997,0
2697,269.7,0
2698,269.8,0
2699,269.9,0
2700,270.0,0
2701,270.1,0
2702,270.2,0
2703,270.3,0
2704,270.40000000000003,0
2705,270.5,0
2706,270.6,0
2707,270.70000000000005,0
2708,270.8,0
2709,270.90000000000003,0
2710,271.0,0
2711,271.09999999999997,0
2712,271.2,0
2713,271.29999999999995,0
2714,271.4,1
2715,271.5,1
2716,271.59999999999997,1
2717,271.7,1
2718,271.8,1
2719,271.9,1
2720,272.0,1
2721,272.1,1
2722,272.2,1
2723,272.3,1
2724,272.40000000000003,1
2725,272.5,1
2726,272.6,1
2727,272.7,1
2728,272.8,1
2729,272.90000000000003,1
2730,273.0,1
2731,273.1,1
2732,273.20000000000005,1
2733,273.29999999999995,1
2734,273.4,1
2735,273.5,1
2736,273.59999999999997,1
2737,273.7,1
2738,273.8,1
2739,273.9,1
2740,274.0,1
2741,274.1,1
2742,274.2,1
2743,274.3,1
2744,274.4,1
2745,274.5,1
2746,274.6,1
2747,274.7,1
2748,274.8,1
2749,274.90000000000003,1
2750,275.0,1
2751,275.1,1
2752,275.20000000000005,1
2753,275.3,1
2754,275.40000000000003,1
2755,275.5,1
2756,275.59999999999997,1
2757,275.7,1
2758,275.79999999999995,1
2759,275.9,1
2760,276.0,1
2761,276.09999999999997,1
2762,276.2,1
2763,276.3,1
2764,276.4,1
2765,276.5,1
2766,276.6,1
2767,276.7,1
2768,276.8,1
2769,276.90000000000003,1
2770,277.0,1
2771,277.1,1
2772,277.2,1
2773,277.3,1
2774,277.40000000000003,1
2775,277.5,1
2776,277.6,1
2777,277.7,1
2778,277.79999999999995,1
2779,277.9,1
2780,278.0,1
2781,278.09999999999997,1
2782,278.2,1
2783,278.3,1
2784,278.4,1
2785,278.5,1
2786,278.6,1
2787,278.7,1
2788,278.8,1
2789,278.9,1
2790,279.0,1
2791,279.1,1
2792,279.2,1
2793,279.3,1
2794,279.40000000000003,0
2795,279.5,0
2796,279.6,0
2797,279.70000000000005,0
2798,279.8,0
2799,279.9,0
2800,280.0,0
2801,280.09999999999997,0
2802,280.2,0
2803,280.29999999999995,0
2804,280.4,0
2805,280.5,0
2806,280.59999999999997,0
2807,280.7,0
2808,280.8,0
2809,280.9,0
2810,281.0,0
2811,281.1,0
2812,281.2,0
2813,281.3,0
2814,281.40000000000003,0
2815,281.5,0
2816,281.6,0
2817,281.7,0
2818,281.8,0
2819,281.90000000000003,0
2820,282.0,0
2821,282.1,0
2822,282.2,0
2823,282.29999999999995,0
2824,282.4,0
2825,282.5,0
2826,282.59999999999997,0
2827,282.7,0
2828,282.8,0
2829,282.9,0
2830,283.0,0
2831,283.1,0
2832,283.2,0
2833,283.3,0
2834,283.4,1
2835,283.5,1
2836,283.6,1
2837,283.7,1
2838,283.8,1
2839,283.90000000000003,1
2840,284.0,1
2841,284.1,1
2842,284.20000000000005,1
2843,284.3,1
2844,284.4,1
2845,284.5,1
2846,284.59999999999997,1
2847,284.7,1
2848,284.8,1
2849,284.9,1
2850,285.0,1
2851,285.09999999999997,1
2852,285.2,1
2853,285.3,1
2854,285.4,1
2855,285.5,1
2856,285.6,1
2857,285.7,1
2858,285.8,1
2859,285.90000000000003,1
2860,286.0,1
2861,286.1,1
2862,286.20000000000005,1
2863,286.3,1
2864,286.40000000000003,1
2865,286.5,1
2866,286.59999999999997,1
2867,286.7,1
2868,286.79999999999995,1
2869,286.9,1
2870,287.0,1
2871,287.09999999999997,1
2872,287.2,1
2873,287.3,1
2874,287.4,0
2875,287.5,0
2876,287.6,0
2877,287.7,0
2878,287.8,0
2879,287.9,0
2880,288.0,0
2881,288.1,0
2882,288.2,0
2883,288.3,0
2884,288.40000000000003,1
2885,288.5,1
2886,288.6,1
2887,288.70000000000005,1
2888,288.8,1
2889,288.9,1
2890,289.0,1
2891,289.09999999999997,1
2892,289.2,1
2893,289.3,1
2894,289.4,0
2895,289.5,0
2896,289.59999999999997,0
2897,289.7,0
2898,289.8,0
2899,289.9,0
2900,290.0,0
2901,290.1,0
2902,290.2,0
2903,290.3,0
2904,290.40000000000003,1
2905,290.5,1
2906,290.6,1
2907,290.70000000000005,1
2908,290.8,1
2909,290.90000000000003,1
2910,291.0,1
2911,291.09999999999997,1
2912,291.2,1
2913,291.29999999999995,1
2914,291.4,0
2915,291.5,0
2916,291.59999999999997,0
2917,291.7,0
2918,291.8,0
2919,291.9,0
2920,292.0,0
2921,292.1,0
2922,292.2,0
2923,292.3,0
2924,292.40000000000003,1
2925,292.5,1
2926,292.6,1
2927,292.7,1
2928,292.8,1
2929,292.90000000000003,1
2930,293.0,1
2931,293.1,1
2932,293.20000000000005,1
2933,293.29999999999995,1
2934,293.4,0
2935,293.5,0
2936,293.59999999999997,0
2937,293.7,0
2938,293.8,0
2939,293.9,0
2940,294.0,0
2941,294.09999999999997,0
2942,294.2,0
2943,294.3,0
2944,294.4,1
2945,294.5,1
2946,294.6,1
2947,294.7,1
2948,294.8,1
2949,294.90000000000003,1
2950,295.0,1
2951,295.1,1
2952,295.20000000000005,1
2953,295.3,1
2954,295.40000000000003,0
2955,295.5,0
2956,295.59999999999997,0
2957,295.7,0
2958,295.79999999999995,0
2959,295.9,0
2960,296.0,0
2961,296.09999999999997,0
2962,296.2,0
2963,296.3,0
2964,296.4,0
2965,296.5,0
2966,296.6,0
2967,296.7,0
2968,296.8,0
2969,296.90000000000003,0
2970,297.0,0
2971,297.1,0
2972,297.2,0
2973,297.3,0
2974,297.40000000000003,0
2975,297.5,0
2976,297.6,0
2977,297.70000000000005,0
2978,297.79999999999995,0
2979,297.9,0
2980,298.0,0
2981,298.09999999999997,0
2982,298.2,0
2983,298.3,0
2984,298.4,0
2985,298.5,0
2986,298.59999999999997,0
2987,298.7,0
2988,298.8,0
2989,298.9,0
2990,299.0,0
2991,299.1,0
2992,299.2,0
2993,299.3,0
2994,299.40000000000003,0
2995,299.5,0
2996,299.6,0
2997,299.70000000000005,0
2998,299.8,0
2999,299.90000000000003,0
3000,300.0,0
3001,300.09999999999997,0
3002,300.2,0
3003,300.29999999999995,0
3004,300.4,0
3005,300.5,0
3006,300.59999999999997,0
3007,300.7,0
3008,300.8,0
3009,300.9,0
3010,301.0,0
3011,301.1,0
3012,301.2,0
3013,301.3,0
3014,301.40000000000003,0
3015,301.5,0
3016,301.6,0
3017,301.7,0
3018,301.8,0
3019,301.90000000000003,0
3020,302.0,0
3021,302.1,0
3022,302.2,0
3023,302.29999999999995,0
3024,302.4,0
3025,302.5,0
3026,302.59999999999997,0
3027,302.7,0
3028,302.8,0
3029,302.9,0
3030,303.0,0
3031,303.1,0
3032,303.2,0
3033,303.3,0
3034,303.4,1
3035,303.5,1
3036,303.6,1
3037,303.7,1
3038,303.8,1
3039,303.90000000000003,1
3040,304.0,1
3041,304.1,1
3042,304.20000000000005,1
3043,304.3,1
3044,304.40000000000003,1
3045,304.5,1
3046,304.59999999999997,1
3047,304.7,1
3048,304.79999999999995,1
3049,304.9,1
3050,305.0,1
3051,305.09999999999997,1
3052,305.2,1
3053,305.3,1
3054,305.4,1
3055,305.5,1
3056,305.6,1
3057,305.7,1
3058,305.8,1
3059,305.90000000000003,1
3060,306.0,1
3061,306.1,1
3062,306.2,1
3063,306.3,1
3064,306.40000000000003,1
3065,306.5,1
3066,306.6,1
3067,306.7,1
3068,306.79999999999995,1
3069,306.9,1
3070,307.0,1
3071,307.09999999999997,1
3072,307.2,1
3073,307.3,1
3074,307.4,1
3075,307.5,1
3076,307.6,1
3077,307.7,1
3078,307.8,1
3079,307.9,1
3080,308.0,1
3081,308.1,1
3082,308.2,1
3083,308.3,1
3084,308.40000000000003,1
3085,308.5,1
3086,308.6,1
3087,308.70000000000005,1
3088,308.8,1
3089,308.9,1
3090,309.0,1
3091,309.09999999999997,1
3092,309.2,1
3093,309.29999999999995,1
3094,309.4,1
3095,309.5,1
3096,309.59999999999997,1
3097,309.7,1
3098,309.8,1
3099,309.9,1
3100,310.0,1
3101,310.1,1
3102,310.2,1
3103,310.3,1
3104,310.40000000000003,1
3105,310.5,1
3106,310.6,1
3107,310.7,1
3108,310.8,1
3109,310.90000000000003,1
3110,311.0,1
3111,311.1,1
3112,311.2,1
3113,311.29999999999995,1
3114,311.4,0
3115,311.5,0
3116,311.59999999999997,0
3117,311.7,0
3118,311.8,0
3119,311.9,0
3120,312.0,0
3121,312.1,0
3122,312.2,0
3123,312.3,0
3124,312.4,0
3125,312.5,0
3126,312.6,0
3127,312.7,0
3128,312.8,0
3129,312.90000000000003,0
3130,313.0,0
3131,313.1,0
3132,313.20000000000005,0
3133,313.3,0
3134,313.4,0
3135,313.5,0
3136,313.59999999999997,0
3137,313.7,0
3138,313.8,0
3139,313.9,0
3140,314.0,0
3141,314.09999999999997,0
3142,314.2,0
3143,314.3,0
3144,314.4,0
3145,314.5,0
3146,314.6,0
3147,314.7,0
3148,314.8,0
3149,314.90000000000003,0
3150,315.0,0
3151,315.1,0
3152,315.20000000000005,0
3153,315.3,0
3154,315.40000000000003,1
3155,315.5,1
3156,315.59999999999997,1
3157,315.7,1
3158,315.79999999999995,1
3159,315.9,1
3160,316.0,1
3161,316.09999999999997,1
3162,316.2,1
3163,316.3,1
3164,316.4,1
3165,316.5,1
3166,316.6,1
3167,316.7,1
3168,316.8,1
3169,316.9,1
3170,317.0,1
3171,317.1,1
3172,317.2,1
3173,317.3,1
3174,317.40000000000003,1
3175,317.5,1
3176,317.6,1
3177,317.70000000000005,1
3178,317.8,1
3179,317.9,1
3180,318.0,1
3181,318.09999999999997,1
3182,318.2,1
3183,318.3,1
3184,318.4,1
3185,318.5,1
3186,318.59999999999997,1
3187,318.7,1
3188,318.8,1
3189,318.9,1
3190,319.0,1
3191,319.1,1
3192,319.2,1
3193,319.3,1
3194,319.40000000000003,0
3195,319.5,0
3196,319.6,0
3197,319.70000000000005,0
3198,319.8,0
3199,319.90000000000003,0
3200,320.0,0
3201,320.09999999999997,0
3202,320.2,0
3203,320.29999999999995,0
3204,320.4,1
3205,320.5,1
3206,320.59999999999997,1
3207,320.7,1
3208,320.8,1
3209,320.9,1
3210,321.0,1
3211,321.1,1
3212,321.2,1
3213,321.3,1
3214,321.40000000000003,0
3215,321.5,0
3216,321.6,0
3217,321.7,0
3218,321.8,0
3219,321.90000000000003,0
3220,322.0,0
3221,322.1,0
3222,322.20000000000005,0
3223,322.29999999999995,0
3224,322.4,1
3225,322.5,1
3226,322.59999999999997,1
3227,322.7,1
3228,322.8,1
3229,322.9,1
3230,323.0,1
3231,323.09999999999997,1
3232,323.2,1
3233,323.3,1
3234,323.4,0
3235,323.5,0
3236,323.6,0
3237,323.7,0
3238,323.8,0
3239,323.90000000000003,0
3240,324.0,0
3241,324.1,0
3242,324.20000000000005,0
3243,324.3,0
3244,324.40000000000003,1
3245,324.5,1
3246,324.59999999999997,1
3247,324.7,1
3248,324.79999999999995,1
3249,324.9,1
3250,325.0,1
3251,325.09999999999997,1
3252,325.2,1
3253,325.3,1
3254,325.4,0
3255,325.5,0
3256,325.6,0
3257,325.7,0
3258,325.8,0
3259,325.90000000000003,0
3260,326.0,0
3261,326.1,0
3262,326.2,0
3263,326.3,0
3264,326.40000000000003,1
3265,326.5,1
3266,326.6,1
3267,326.70000000000005,1
3268,326.79999999999995,1
3269,326.9,1
3270,327.0,1
3271,327.09999999999997,1
3272,327.2,1
3273,327.3,1
3274,327.4,0
3275,327.5,0
3276,327.59999999999997,0
3277,327.7,0
3278,327.8,0
3279,327.9,0
3280,328.0,0
3281,328.1,0
3282,328.2,0
3283,328.3,0
3284,328.40000000000003,0
3285,328.5,0
3286,328.6,0
3287,328.70000000000005,0
3288,328.8,0
3289,328.90000000000003,0
3290,329.0,0
3291,329.09999999999997,0
3292,329.2,0
3293,329.29999999999995,0
3294,329.4,0
3295,329.5,0
3296,329.59999999999997,0
3297,329.7,0
3298,329.8,0
3299,329.9,0
3300,330.0,0
3301,330.1,0
3302,330.2,0
3303,330.3,0
3304,330.40000000000003,0
3305,330.5,0
3306,330.6,0
3307,330.7,0
3308,330.8,0
3309,330.90000000000003,0
3310,331.0,0
3311,331.1,0
3312,331.2,0
3313,331.29999999999995,0
3314,331.4,0
3315,331.5,0
3316,331.59999999999997,0
3317,331.7,0
3318,331.8,0
3319,331.9,0
3320,332.0,0
3321,332.1,0
3322,332.2,0
3323,332.3,0
3324,332.4,0
3325,332.5,0
3326,332.6,0
3327,332.7,0
3328,332.8,0
3329,332.90000000000003,0
3330,333.0,0
3331,333.1,0
3332,333.20000000000005,0
3333,333.3,0
3334,333.40000000000003,0
3335,333.5,0
3336,333.59999999999997,0
3337,333.7,0
3338,333.79999999999995,0
3339,333.9,0
3340,334.0,0
3341,334.09999999999997,0
3342,334.2,0
3343,334.3,0
3344,334.4,0
3345,334.5,0
3346,334.6,0
3347,334.7,0
3348,334.8,0
3349,334.90000000000003,0
3350,335.0,0
3351,335.1,0
3352,335.2,0
3353,335.3,0
3354,335.40000000000003,1
3355,335.5,1
3356,335.6,1
3357,335.7,1
3358,335.79999999999995,1
3359,335.9,1
3360,336.0,1
3361,336.09999999999997,1
3362,336.2,1
3363,336.3,1
3364,336.4,1
3365,336.5,1
3366,336.6,1
3367,336.7,1
3368,336.8,1
3369,336.9,1
3370,337.0,1
3371,337.1,1
3372,337.2,1
3373,337.3,1
3374,337.40000000000003,1
3375,337.5,1
3376,337.6,1
3377,337.70000000000005,1
3378,337.8,1
3379,337.9,1
3380,338.0,1
3381,338.09999999999997,1
3382,338.2,1
3383,338.3,1
3384,338.4,1
3385,338.5,1
3386,338.59999999999997,1
3387,338.7,1
3388,338.8,1
3389,338.9,1
3390,339.0,1
3391,339.1,1
3392,339.2,1
3393,339.3,1
3394,339.40000000000003,1
3395,339.5,1
3396,339.6,1
3397,339.70000000000005,1
3398,339.8,1
3399,339.90000000000003,1
3400,340.0,1
3401,340.1,1
3402,340.2,1
3403,340.29999999999995,1
3404,340.4,1
3405,340.5,1
3406,340.59999999999997,1
3407,340.7,1
3408,340.8,1
3409,340.9,1
3410,341.0,1
3411,341.1,1
3412,341.2,1
3413,341.3,1
3414,341.4,1
3415,341.5,1
3416,341.6,1
3417,341.7,1
3418,341.8,1
3419,341.90000000000003,1
3420,342.0,1
3421,342.1,1
3422,342.20000000000005,1
3423,342.3,1
3424,342.4,1
3425,342.5,1
3426,342.59999999999997,1
3427,342.7,1
3428,342.8,1
3429,342.9,1
3430,343.0,1
3431,343.09999999999997,1
3432,343.2,1
3433,343.3,1
3434,343.4,0
3435,343.5,0
3436,343.6,0
3437,343.7,0
3438,343.8,0
3439,343.90000000000003,0
3440,344.0,0
3441,344.1,0
3442,344.20000000000005,0
3443,344.3,0
3444,344.40000000000003,0
3445,344.5,0
3446,344.59999999999997,0
3447,344.7,0
3448,344.79999999999995,0
3449,344.9,0
3450,345.0,0
3451,345.09999999999997,0
3452,345.2,0
3453,345.3,0
3454,345.4,0
3455,345.5,0
3456,345.6,0
3457,345.7,0
3458,345.8,0
3459,345.9,0
3460,346.0,0
3461,346.1,0
3462,346.2,0
3463,346.3,0
3464,346.40000000000003,0
3465,346.5,0
3466,346.6,0
3467,346.70000000000005,0
3468,346.8,0
3469,346.9,0
3470,347.0,0
3471,347.09999999999997,0
3472,347.2,0
3473,347.3,0
3474,347.4,1
3475,347.5,1
3476,347.59999999999997,1
3477,347.7,1
3478,347.8,1
3479,347.9,1
3480,348.0,1
3481,348.1,1
3482,348.2,1
3483,348.3,1
3484,348.40000000000003,1
3485,348.5,1
3486,348.6,1
3487,348.70000000000005,1
3488,348.8,1
3489,348.90000000000003,1
3490,349.0,1
3491,349.09999999999997,1
3492,349.2,1
3493,349.29999999999995,1
3494,349.4,1
3495,349.5,1
3496,349.59999999999997,1
3497,349.7,1
3498,349.8,1
3499,349.9,1
3500,350.0,1
3501,350.1,1
3502,350.2,1
3503,350.3,1
3504,350.40000000000003,1
3505,350.5,1
3506,350.6,1
3507,350.7,1
3508,350.8,1
3509,350.90000000000003,1
3510,351.0,1
3511,351.1,1
3512,351.20000000000005,1
3513,351.29999999999995,1
3514,351.4,0
3515,351.5,0
3516,351.59999999999997,0
3517,351.7,0
3518,351.8,0
3519,351.9,0
3520,352.0,0
3521,352.09999999999997,0
3522,352.2,0
3523,352.3,0
3524,352.4,1
3525,352.5,1
3526,352.6,1
3527,352.7,1
3528,352.8,1
3529,352.90000000000003,1
3530,353.0,1
3531,353.1,1
3532,353.20000000000005,1
3533,353.3,1
3534,353.40000000000003,0
3535,353.5,0
3536,353.59999999999997,0
3537,353.7,0
3538,353.79999999999995,0
3539,353.9,0
3540,354.0,0
3541,354.09999999999997,0
3542,354.2,0
3543,354.3,0
3544,354.4,1
3545,354.5,1
3546,354.6,1
3547,354.7,1
3548,354.8,1
3549,354.90000000000003,1
3550,355.0,1
3551,355.1,1
3552,355.2,1
3553,355.3,1
3554,355.40000000000003,0
3555,355.5,0
3556,355.6,0
3557,355.70000000000005,0
3558,355.79999999999995,0
3559,355.9,0
3560,356.0,0
3561,356.09999999999997,0
3562,356.2,0
3563,356.3,0
3564,356.4,1
3565,356.5,1
3566,356.59999999999997,1
3567,356.7,1
3568,356.8,1
3569,356.9,1
3570,357.0,1
3571,357.1,1
3572,357.2,1
3573,357.3,1
3574,357.40000000000003,0
3575,357.5,0
3576,357.6,0
3577,357.70000000000005,0
3578,357.8,0
3579,357.90000000000003,0
3580,358.0,0
3581,358.09999999999997,0
3582,358.2,0
3583,358.29999999999995,0
3584,358.4,1
3585,358.5,1
3586,358.59999999999997,1
3587,358.7,1
3588,358.8,1
3589,358.9,1
3590,359.0,1
3591,359.1,1
3592,359.2,1
3593,359.3,1
3594,359.40000000000003,0
3595,359.5,0
3596,359.6,0
3597,359.7,0
3598,359.8,0
3599,359.90000000000003,0
3600,360.0,0
3601,360.1,0
3602,360.2,0
3603,360.29999999999995,0
3604,360.4,0
3605,360.5,0
3606,360.59999999999997,0
3607,360.7,0
3608,360.8,0
3609,360.9,0
3610,361.0,0
3611,361.1,0
3612,361.2,0
3613,361.3,0
3614,361.4,0
3615,361.5,0
3616,361.6,0
3617,361.7,0
3618,361.8,0
3619,361.90000000000003,0
3620,362.0,0
3621,362.1,0
3622,362.20000000000005,0
3623,362.3,0
3624,362.40000000000003,0
3625,362.5,0
3626,362.59999999999997,0
3627,362.7,0
3628,362.79999999999995,0
3629,362.9,0
3630,363.0,0
3631,363.09999999999997,0
3632,363.2,0
3633,363.3,0
3634,363.4,0
3635,363.5,0
3636,363.6,0
3637,363.7,0
3638,363.8,0
3639,363.90000000000003,0
3640,364.0,0
3641,364.1,0
3642,364.2,0
3643,364.3,0
3644,364.40000000000003,0
3645,364.5,0
3646,364.6,0
3647,364.7,0
3648,364.79999999999995,0
3649,364.9,0
3650,365.0,0
3651,365.09999999999997,0
3652,365.2,0
3653,365.3,0
3654,365.4,0
3655,365.5,0
3656,365.6,0
3657,365.7,0
3658,365.8,0
3659,365.9,0
3660,366.0,0
3661,366.1,0
3662,366.2,0
3663,366.3,0
3664,366.40000000000003,0
3665,366.5,0
3666,366.6,0
3667,366.70000000000005,0
3668,366.8,0
3669,366.9,0
3670,367.0,0
3671,367.09999999999997,0
3672,367.2,0
3673,367.3,0
3674,367.4,1
3675,367.5,1
3676,367.59999999999997,1
3677,367.7,1
3678,367.8,1
3679,367.9,1
3680,368.0,1
3681,368.1,1
3682,368.2,1
3683,368.3,1
3684,368.40000000000003,1
3685,368.5,1
3686,368.6,1
3687,368.70000000000005,1
3688,368.8,1
3689,368.90000000000003,1
3690,369.0,1
3691,369.1,1
3692,369.2,1
3693,369.29999999999995,1
3694,369.4,1
3695,369.5,1
3696,369.59999999999997,1
3697,369.7,1
3698,369.8,1
3699,369.9,1
3700,370.0,1
3701,370.1,1
3702,370.2,1
3703,370.3,1
3704,370.4,1
3705,370.5,1
3706,370.6,1
3707,370.7,1
3708,370.8,1
3709,370.90000000000003,1
3710,371.0,1
3711,371.1,1
3712,371.20000000000005,1
3713,371.3,1
3714,371.4,1
3715,371.5,1
3716,371.59999999999997,1
3717,371.7,1
3718,371.8,1
3719,371.9,1
3720,372.0,1
3721,372.09999999999997,1
3722,372.2,1
3723,372.3,1
3724,372.4,1
3725,372.5,1
3726,372.6,1
3727,372.7,1
3728,372.8,1
3729,372.90000000000003,1
3730,373.0,1
3731,373.1,1
3732,373.20000000000005,1
3733,373.3,1
3734,373.40000000000003,1
3735,373.5,1
3736,373.59999999999997,1
3737,373.7,1
3738,373.79999999999995,1
3739,373.9,1
3740,374.0,1
3741,374.09999999999997,1
3742,374.2,1
3743,374.3,1
3744,374.4,1
3745,374.5,1
3746,374.6,1
3747,374.7,1
3748,374.8,1
3749,374.9,1
3750,375.0,1
3751,375.1,1
3752,375.2,1
3753,375.3,1
3754,375.40000000000003,0
3755,375.5,0
3756,375.6,0
3757,375.70000000000005,0
3758,375.79999999999995,0
3759,375.9,0
3760,376.0,0
3761,376.09999999999997,0
3762,376.2,0
3763,376.3,0
3764,376.4,0
3765,376.5,0
3766,376.59999999999997,0
3767,376.7,0
3768,376.8,0
3769,376.9,0
3770,377.0,0
3771,377.1,0
3772,377.2,0
3773,377.3,0
3774,377.40000000000003,0
3775,377.5,0
3776,377.6,0
3777,377.70000000000005,0
3778,377.8,0
3779,377.90000000000003,0
3780,378.0,0
3781,378.09999999999997,0
3782,378.2,0
3783,378.29999999999995,0
3784,378.4,0
3785,378.5,0
3786,378.59999999999997,0
3787,378.7,0
3788,378.8,0
3789,378.9,0
3790,379.0,0
3791,379.1,0
3792,379.2,0
3793,379.3,0
3794,379.40000000000003,1
3795,379.5,1
3796,379.6,1
3797,379.7,1
3798,379.8,1
3799,379.90000000000003,1
3800,380.0,1
3801,380.1,1
3802,380.20000000000005,1
3803,380.29999999999995,1
3804,380.4,1
3805,380.5,1
3806,380.59999999999997,1
3807,380.7,1
3808,380.8,1
3809,380.9,1
3810,381.0,1
3811,381.09999999999997,1
3812,381.2,1
3813,381.3,1
3814,381.4,1
3815,381.5,1
3816,381.6,1
3817,381.7,1
3818,381.8,1
3819,381.90000000000003,1
3820,382.0,1
3821,382.1,1
3822,382.20000000000005,1
3823,382.3,1
3824,382.40000000000003,1
3825,382.5,1
3826,382.59999999999997,1
3827,382.7,1
3828,382.79999999999995,1
3829,382.9,1
3830,383.0,1
3831,383.09999999999997,1
3832,383.2,1
3833,383.3,1
3834,383.4,0
3835,383.5,0
3836,383.6,0
3837,383.7,0
3838,383.8,0
3839,383.90000000000003,0
3840,384.0,0
3841,384.1,0
3842,384.2,0
3843,384.3,0
3844,384.40000000000003,1
3845,384.5,1
3846,384.6,1
3847,384.70000000000005,1
3848,384.79999999999995,1
3849,384.9,1
3850,385.0,1
3851,385.09999999999997,1
3852,385.2,1
3853,385.3,1
3854,385.4,0
3855,385.5,0
3856,385.6,0
3857,385.7,0
3858,385.8,0
3859,385.9,0
3860,386.0,0
3861,386.1,0
3862,386.2,0
3863,386.3,0
3864,386.40000000000003,1
3865,386.5,1
3866,386.6,1
3867,386.70000000000005,1
3868,386.8,1
3869,386.90000000000003,1
3870,387.0,1
3871,387.09999999999997,1
3872,387.2,1
3873,387.29999999999995,1
3874,387.4,0
3875,387.5,0
3876,387.59999999999997,0
3877,387.7,0
3878,387.8,0
3879,387.9,0
3880,388.0,0
3881,388.1,0
3882,388.2,0
3883,388.3,0
3884,388.40000000000003,1
3885,388.5,1
3886,388.6,1
3887,388.7,1
3888,388.8,1
3889,388.90000000000003,1
3890,389.0,1
3891,389.1,1
3892,389.2,1
3893,389.29999999999995,1
3894,389.4,0
3895,389.5,0
3896,389.59999999999997,0
3897,389.7,0
3898,389.8,0
3899,389.9,0
3900,390.0,0
3901,390.1,0
3902,390.2,0
3903,390.3,0
3904,390.4,1
3905,390.5,1
3906,390.6,1
3907,390.7,1
3908,390.8,1
3909,390.90000000000003,1
3910,391.0,1
3911,391.1,1
3912,391.20000000000005,1
3913,391.3,1
3914,391.40000000000003,0
3915,391.5,0
3916,391.59999999999997,0
3917,391.7,0
3918,391.79999999999995,0
3919,391.9,0
3920,392.0,0
3921,392.09999999999997,0
3922,392.2,0
3923,392.3,0
3924,392.4,0
3925,392.5,0
3926,392.6,0
3927,392.7,0
3928,392.8,0
3929,392.90000000000003,0
3930,393.0,0
3931,393.1,0
3932,393.2,0
3933,393.3,0
3934,393.40000000000003,0
3935,393.5,0
3936,393.6,0
3937,393.7,0
3938,393.79999999999995,0
3939,393.9,0
3940,394.0,0
3941,394.09999999999997,0
3942,394.2,0
3943,394.3,0
3944,394.4,0
3945,394.5,0
3946,394.6,0
3947,394.7,0
3948,394.8,0
3949,394.9,0
3950,395.0,0
3951,395.1,0
3952,395.2,0
3953,395.3,0
3954,395.40000000000003,0
3955,395.5,0
3956,395.6,0
3957,395.70000000000005,0
3958,395.8,0
3959,395.9,0
3960,396.0,0
3961,396.09999999999997,0
3962,396.2,0
3963,396.3,0
3964,396.4,0
3965,396.5,0
3966,396.59999999999997,0
3967,396.7,0
3968,396.8,0
3969,396.9,0
3970,397.0,0
3971,397.1,0
3972,397.2,0
3973,397.3,0
3974,397.40000000000003,0
3975,397.5,0
3976,397.6,0
3977,397.70000000000005,0
3978,397.8,0
3979,397.90000000000003,0
3980,398.0,0
3981,398.09999999999997,0
3982,398.2,0
3983,398.29999999999995,0
3984,398.4,0
3985,398.5,0
3986,398.59999999999997,0
3987,398.7,0
3988,398.8,0
3989,398.9,0
3990,399.0,0
3991,399.1,0
3992,399.2,0
3993,399.3,0
3994,399.4,1
3995,399.5,1
3996,399.6,1
3997,399.7,1
3998,399.8,1
3999,399.90000000000003,1
4000,400.0,1
4001,400.1,1
4002,400.20000000000005,1
4003,400.3,1
4004,400.4,1
4005,400.5,1
4006,400.59999999999997,1
4007,400.7,1
4008,400.8,1
4009,400.9,1
4010,401.0,1
4011,401.09999999999997,1
4012,401.2,1
4013,401.3,1
4014,401.4,1
4015,401.5,1
4016,401.6,1
4017,401.7,1
4018,401.8,1
4019,401.90000000000003,1
4020,402.0,1
4021,402.1,1
4022,402.20000000000005,1
4023,402.3,1
4024,402.40000000000003,1
4025,402.5,1
4026,402.59999999999997,1
4027,402.7,1
4028,402.79999999999995,1
4029,402.9,1
4030,403.0,1
4031,403.09999999999997,1
4032,403.2,1
4033,403.3,1
4034,403.4,1
4035,403.5,1
4036,403.6,1
4037,403.7,1
4038,403.8,1
4039,403.9,1
4040,404.0,1
4041,404.1,1
4042,404.2,1
4043,404.3,1
4044,404.40000000000003,1
4045,404.5,1
4046,404.6,1
4047,404.70000000000005,1
4048,404.79999999999995,1
4049,404.9,1
4050,405.0,1
4051,405.09999999999997,1
4052,405.2,1
4053,405.3,1
4054,405.4,1
4055,405.5,1
4056,405.59999999999997,1
4057,405.7,1
4058,405.8,1
4059,405.9,1
4060,406.0,1
4061,406.1,1
4062,406.2,1
4063,406.3,1
4064,406.40000000000003,1
4065,406.5,1
4066,406.6,1
4067,406.70000000000005,1
4068,406.8,1
4069,406.90000000000003,1
4070,407.0,1
4071,407.09999999999997,1
4072,407.2,1
4073,407.29999999999995,1
4074,407.4,0
4075,407.5,0
4076,407.59999999999997,0
4077,407.7,0
4078,407.8,0
4079,407.9,0
4080,408.0,0
4081,408.1,0
4082,408.2,0
4083,408.3,0
4084,408.40000000000003,0
4085,408.5,0
4086,408.6,0
4087,408.7,0
4088,408.8,0
4089,408.90000000000003,0
4090,409.0,0
4091,409.1,0
4092,409.20000000000005,0
4093,409.29999999999995,0
4094,409.4,0
4095,409.5,0
