META,implementation,(name='micropython', version=(1, 28, 0, ''), _machine='Raspberry Pi Pico 2 W with RP2350', _mpy=7942, _build='RPI_PICO2_W', _thread='unsafe')
META,uname,(sysname='rp2', nodename='rp2', release='1.28.0', version='v1.28.0 on 2026-04-06 (GNU 14.2.0 MinSizeRel)', machine='Raspberry Pi Pico 2 W with RP2350')
META,cpu_hz,150000000
META,samples,31
META,copies_per_sample,20
META,dma_channel,0
RESULT,memory,256,slice,0,154,20
RESULT,memory,256,dma,0,462,20
RESULT,memory,256,dma,1,447,20
RESULT,memory,256,slice,1,167,20
RESULT,memory,256,slice,2,156,20
RESULT,memory,256,dma,2,476,20
RESULT,memory,256,dma,3,458,20
RESULT,memory,256,slice,3,167,20
RESULT,memory,256,slice,4,168,20
RESULT,memory,256,dma,4,474,20
RESULT,memory,256,dma,5,458,20
RESULT,memory,256,slice,5,165,20
RESULT,memory,256,slice,6,155,20
RESULT,memory,256,dma,6,472,20
RESULT,memory,256,dma,7,461,20
RESULT,memory,256,slice,7,169,20
RESULT,memory,256,slice,8,159,20
RESULT,memory,256,dma,8,468,20
RESULT,memory,256,dma,9,470,20
RESULT,memory,256,slice,9,187,20
RESULT,memory,256,slice,10,160,20
RESULT,memory,256,dma,10,489,20
RESULT,memory,256,dma,11,454,20
RESULT,memory,256,slice,11,170,20
RESULT,memory,256,slice,12,150,20
RESULT,memory,256,dma,12,473,20
RESULT,memory,256,dma,13,455,20
RESULT,memory,256,slice,13,170,20
RESULT,memory,256,slice,14,168,20
RESULT,memory,256,dma,14,476,20
RESULT,memory,256,dma,15,454,20
RESULT,memory,256,slice,15,167,20
RESULT,memory,256,slice,16,160,20
RESULT,memory,256,dma,16,466,20
RESULT,memory,256,dma,17,461,20
RESULT,memory,256,slice,17,168,20
RESULT,memory,256,slice,18,161,20
RESULT,memory,256,dma,18,461,20
RESULT,memory,256,dma,19,458,20
RESULT,memory,256,slice,19,182,20
RESULT,memory,256,slice,20,159,20
RESULT,memory,256,dma,20,467,20
RESULT,memory,256,dma,21,468,20
RESULT,memory,256,slice,21,165,20
RESULT,memory,256,slice,22,159,20
RESULT,memory,256,dma,22,472,20
RESULT,memory,256,dma,23,462,20
RESULT,memory,256,slice,23,172,20
RESULT,memory,256,slice,24,157,20
RESULT,memory,256,dma,24,475,20
RESULT,memory,256,dma,25,454,20
RESULT,memory,256,slice,25,167,20
RESULT,memory,256,slice,26,169,20
RESULT,memory,256,dma,26,469,20
RESULT,memory,256,dma,27,464,20
RESULT,memory,256,slice,27,170,20
RESULT,memory,256,slice,28,155,20
RESULT,memory,256,dma,28,473,20
RESULT,memory,256,dma,29,465,20
RESULT,memory,256,slice,29,166,20
RESULT,memory,256,slice,30,157,20
RESULT,memory,256,dma,30,467,20
META,mem_free_after_256,450464
RESULT,memory,1024,slice,0,232,20
RESULT,memory,1024,dma,0,471,20
RESULT,memory,1024,dma,1,440,20
RESULT,memory,1024,slice,1,250,20
RESULT,memory,1024,slice,2,242,20
RESULT,memory,1024,dma,2,485,20
RESULT,memory,1024,dma,3,465,20
RESULT,memory,1024,slice,3,255,20
RESULT,memory,1024,slice,4,249,20
RESULT,memory,1024,dma,4,473,20
RESULT,memory,1024,dma,5,467,20
RESULT,memory,1024,slice,5,250,20
RESULT,memory,1024,slice,6,240,20
RESULT,memory,1024,dma,6,471,20
RESULT,memory,1024,dma,7,453,20
RESULT,memory,1024,slice,7,252,20
RESULT,memory,1024,slice,8,236,20
RESULT,memory,1024,dma,8,492,20
RESULT,memory,1024,dma,9,456,20
RESULT,memory,1024,slice,9,257,20
RESULT,memory,1024,slice,10,242,20
RESULT,memory,1024,dma,10,463,20
RESULT,memory,1024,dma,11,459,20
RESULT,memory,1024,slice,11,250,20
RESULT,memory,1024,slice,12,238,20
RESULT,memory,1024,dma,12,474,20
RESULT,memory,1024,dma,13,447,20
RESULT,memory,1024,slice,13,251,20
RESULT,memory,1024,slice,14,250,20
RESULT,memory,1024,dma,14,489,20
RESULT,memory,1024,dma,15,456,20
RESULT,memory,1024,slice,15,254,20
RESULT,memory,1024,slice,16,241,20
RESULT,memory,1024,dma,16,467,20
RESULT,memory,1024,dma,17,458,20
RESULT,memory,1024,slice,17,250,20
RESULT,memory,1024,slice,18,242,20
RESULT,memory,1024,dma,18,465,20
RESULT,memory,1024,dma,19,449,20
RESULT,memory,1024,slice,19,254,20
RESULT,memory,1024,slice,20,243,20
RESULT,memory,1024,dma,20,488,20
RESULT,memory,1024,dma,21,459,20
RESULT,memory,1024,slice,21,258,20
RESULT,memory,1024,slice,22,238,20
RESULT,memory,1024,dma,22,469,20
RESULT,memory,1024,dma,23,456,20
RESULT,memory,1024,slice,23,254,20
RESULT,memory,1024,slice,24,242,20
RESULT,memory,1024,dma,24,466,20
RESULT,memory,1024,dma,25,454,20
RESULT,memory,1024,slice,25,249,20
RESULT,memory,1024,slice,26,249,20
RESULT,memory,1024,dma,26,489,20
RESULT,memory,1024,dma,27,454,20
RESULT,memory,1024,slice,27,254,20
RESULT,memory,1024,slice,28,240,20
RESULT,memory,1024,dma,28,469,20
RESULT,memory,1024,dma,29,457,20
RESULT,memory,1024,slice,29,250,20
RESULT,memory,1024,slice,30,237,20
RESULT,memory,1024,dma,30,469,20
META,mem_free_after_1024,450448
RESULT,memory,4096,slice,0,565,20
RESULT,memory,4096,dma,0,537,20
RESULT,memory,4096,dma,1,521,20
RESULT,memory,4096,slice,1,591,20
RESULT,memory,4096,slice,2,589,20
RESULT,memory,4096,dma,2,527,20
RESULT,memory,4096,dma,3,523,20
RESULT,memory,4096,slice,3,587,20
RESULT,memory,4096,slice,4,573,20
RESULT,memory,4096,dma,4,531,20
RESULT,memory,4096,dma,5,537,20
RESULT,memory,4096,slice,5,602,20
RESULT,memory,4096,slice,6,590,20
RESULT,memory,4096,dma,6,536,20
RESULT,memory,4096,dma,7,511,20
RESULT,memory,4096,slice,7,587,20
RESULT,memory,4096,slice,8,573,20
RESULT,memory,4096,dma,8,523,20
RESULT,memory,4096,dma,9,524,20
RESULT,memory,4096,slice,9,584,20
RESULT,memory,4096,slice,10,583,20
RESULT,memory,4096,dma,10,522,20
RESULT,memory,4096,dma,11,549,20
RESULT,memory,4096,slice,11,587,20
RESULT,memory,4096,slice,12,587,20
RESULT,memory,4096,dma,12,541,20
RESULT,memory,4096,dma,13,525,20
RESULT,memory,4096,slice,13,589,20
RESULT,memory,4096,slice,14,574,20
RESULT,memory,4096,dma,14,531,20
RESULT,memory,4096,dma,15,526,20
RESULT,memory,4096,slice,15,586,20
RESULT,memory,4096,slice,16,573,20
RESULT,memory,4096,dma,16,552,20
RESULT,memory,4096,dma,17,550,20
RESULT,memory,4096,slice,17,586,20
RESULT,memory,4096,slice,18,572,20
RESULT,memory,4096,dma,18,538,20
RESULT,memory,4096,dma,19,515,20
RESULT,memory,4096,slice,19,589,20
RESULT,memory,4096,slice,20,579,20
RESULT,memory,4096,dma,20,533,20
RESULT,memory,4096,dma,21,516,20
RESULT,memory,4096,slice,21,587,20
RESULT,memory,4096,slice,22,601,20
RESULT,memory,4096,dma,22,554,20
RESULT,memory,4096,dma,23,550,20
RESULT,memory,4096,slice,23,591,20
RESULT,memory,4096,slice,24,585,20
RESULT,memory,4096,dma,24,532,20
RESULT,memory,4096,dma,25,521,20
RESULT,memory,4096,slice,25,588,20
RESULT,memory,4096,slice,26,570,20
RESULT,memory,4096,dma,26,524,20
RESULT,memory,4096,dma,27,515,20
RESULT,memory,4096,slice,27,591,20
RESULT,memory,4096,slice,28,600,20
RESULT,memory,4096,dma,28,550,20
RESULT,memory,4096,dma,29,533,20
RESULT,memory,4096,slice,29,589,20
RESULT,memory,4096,slice,30,576,20
RESULT,memory,4096,dma,30,531,20
META,mem_free_after_4096,450448
RESULT,memory,16384,slice,0,1898,20
RESULT,memory,16384,dma,0,956,20
RESULT,memory,16384,dma,1,959,20
RESULT,memory,16384,slice,1,1916,20
RESULT,memory,16384,slice,2,1907,20
RESULT,memory,16384,dma,2,966,20
RESULT,memory,16384,dma,3,954,20
RESULT,memory,16384,slice,3,1920,20
RESULT,memory,16384,slice,4,1920,20
RESULT,memory,16384,dma,4,961,20
RESULT,memory,16384,dma,5,972,20
RESULT,memory,16384,slice,5,1917,20
RESULT,memory,16384,slice,6,1908,20
RESULT,memory,16384,dma,6,959,20
RESULT,memory,16384,dma,7,946,20
RESULT,memory,16384,slice,7,1925,20
RESULT,memory,16384,slice,8,1918,20
RESULT,memory,16384,dma,8,959,20
RESULT,memory,16384,dma,9,962,20
RESULT,memory,16384,slice,9,1919,20
RESULT,memory,16384,slice,10,1903,20
RESULT,memory,16384,dma,10,951,20
RESULT,memory,16384,dma,11,948,20
RESULT,memory,16384,slice,11,1921,20
RESULT,memory,16384,slice,12,1904,20
RESULT,memory,16384,dma,12,960,20
RESULT,memory,16384,dma,13,940,20
RESULT,memory,16384,slice,13,1919,20
RESULT,memory,16384,slice,14,1906,20
RESULT,memory,16384,dma,14,958,20
RESULT,memory,16384,dma,15,949,20
RESULT,memory,16384,slice,15,1922,20
RESULT,memory,16384,slice,16,1902,20
RESULT,memory,16384,dma,16,967,20
RESULT,memory,16384,dma,17,951,20
RESULT,memory,16384,slice,17,1921,20
RESULT,memory,16384,slice,18,1917,20
RESULT,memory,16384,dma,18,973,20
RESULT,memory,16384,dma,19,939,20
RESULT,memory,16384,slice,19,1915,20
RESULT,memory,16384,slice,20,1917,20
RESULT,memory,16384,dma,20,972,20
RESULT,memory,16384,dma,21,955,20
RESULT,memory,16384,slice,21,1924,20
RESULT,memory,16384,slice,22,1920,20
RESULT,memory,16384,dma,22,973,20
RESULT,memory,16384,dma,23,947,20
RESULT,memory,16384,slice,23,1915,20
RESULT,memory,16384,slice,24,1902,20
RESULT,memory,16384,dma,24,965,20
RESULT,memory,16384,dma,25,936,20
RESULT,memory,16384,slice,25,1920,20
RESULT,memory,16384,slice,26,1906,20
RESULT,memory,16384,dma,26,955,20
RESULT,memory,16384,dma,27,954,20
RESULT,memory,16384,slice,27,1923,20
RESULT,memory,16384,slice,28,1906,20
RESULT,memory,16384,dma,28,955,20
RESULT,memory,16384,dma,29,952,20
RESULT,memory,16384,slice,29,1920,20
RESULT,memory,16384,slice,30,1906,20
RESULT,memory,16384,dma,30,961,20
META,mem_free_after_16384,450448
RESULT,memory,65536,slice,0,7225,20
RESULT,memory,65536,dma,0,2619,20
RESULT,memory,65536,dma,1,2618,20
RESULT,memory,65536,slice,1,7243,20
RESULT,memory,65536,slice,2,7241,20
RESULT,memory,65536,dma,2,2619,20
RESULT,memory,65536,dma,3,2598,20
RESULT,memory,65536,slice,3,7243,20
RESULT,memory,65536,slice,4,7230,20
RESULT,memory,65536,dma,4,2612,20
RESULT,memory,65536,dma,5,2598,20
RESULT,memory,65536,slice,5,7240,20
RESULT,memory,65536,slice,6,7233,20
RESULT,memory,65536,dma,6,2610,20
RESULT,memory,65536,dma,7,2594,20
RESULT,memory,65536,slice,7,7242,20
RESULT,memory,65536,slice,8,7243,20
RESULT,memory,65536,dma,8,2622,20
RESULT,memory,65536,dma,9,2598,20
RESULT,memory,65536,slice,9,7245,20
RESULT,memory,65536,slice,10,7228,20
RESULT,memory,65536,dma,10,2612,20
RESULT,memory,65536,dma,11,2603,20
RESULT,memory,65536,slice,11,7244,20
RESULT,memory,65536,slice,12,7242,20
RESULT,memory,65536,dma,12,2609,20
RESULT,memory,65536,dma,13,2614,20
RESULT,memory,65536,slice,13,7247,20
RESULT,memory,65536,slice,14,7229,20
RESULT,memory,65536,dma,14,2613,20
RESULT,memory,65536,dma,15,2594,20
RESULT,memory,65536,slice,15,7244,20
RESULT,memory,65536,slice,16,7229,20
RESULT,memory,65536,dma,16,2620,20
RESULT,memory,65536,dma,17,2609,20
RESULT,memory,65536,slice,17,7247,20
RESULT,memory,65536,slice,18,7244,20
RESULT,memory,65536,dma,18,2611,20
RESULT,memory,65536,dma,19,2601,20
RESULT,memory,65536,slice,19,7246,20
RESULT,memory,65536,slice,20,7244,20
RESULT,memory,65536,dma,20,2620,20
RESULT,memory,65536,dma,21,2591,20
RESULT,memory,65536,slice,21,7243,20
RESULT,memory,65536,slice,22,7230,20
RESULT,memory,65536,dma,22,2624,20
RESULT,memory,65536,dma,23,2607,20
RESULT,memory,65536,slice,23,7243,20
RESULT,memory,65536,slice,24,7231,20
RESULT,memory,65536,dma,24,2618,20
RESULT,memory,65536,dma,25,2594,20
RESULT,memory,65536,slice,25,7243,20
RESULT,memory,65536,slice,26,7232,20
RESULT,memory,65536,dma,26,2612,20
RESULT,memory,65536,dma,27,2613,20
RESULT,memory,65536,slice,27,7243,20
RESULT,memory,65536,slice,28,7233,20
RESULT,memory,65536,dma,28,2621,20
RESULT,memory,65536,dma,29,2598,20
RESULT,memory,65536,slice,29,7241,20
RESULT,memory,65536,slice,30,7233,20
RESULT,memory,65536,dma,30,2611,20
META,mem_free_after_65536,450448
META,status,ok
