run,size_bytes,samples,copies_per_sample,slice_min_us,slice_median_us,slice_max_us,dma_min_us,dma_median_us,dma_max_us,slice_over_dma,dma_mib_s
1,256,31,20,7.450,8.400,9.350,22.350,23.300,24.650,0.361,10.478
1,1024,31,20,11.850,12.500,13.250,22.100,23.250,24.550,0.538,42.003
1,4096,31,20,28.200,29.200,30.050,25.400,26.450,27.750,1.104,147.684
1,16384,31,20,94.900,95.850,96.450,46.950,47.900,48.700,2.001,326.200
1,65536,31,20,360.950,362.100,362.300,129.450,130.500,131.250,2.775,478.927
2,256,31,20,7.500,8.300,9.350,22.350,23.300,24.450,0.356,10.478
2,1024,31,20,11.600,12.450,12.900,22.000,23.250,24.600,0.535,42.003
2,4096,31,20,28.250,29.350,30.100,25.550,26.550,27.700,1.105,147.128
2,16384,31,20,94.900,95.850,96.250,46.800,47.800,48.650,2.005,326.883
2,65536,31,20,361.250,362.100,362.350,129.550,130.550,131.200,2.774,478.744
